ID,Action,Input kind,Live macOS,Context,Live manual section
S01-01,Toggle Full Screen Mode,Keyboard,Ctrl+Cmd+F,Main window,41.1 Showing and Hiding Views
S01-02,Toggle Second Window,Keyboard,Cmd+Shift+W,Main window,41.1 Showing and Hiding Views
S01-03,Toggle Session/Arrangement View,Keyboard,Tab,Main window,41.1 Showing and Hiding Views
S01-04,Toggle Between Device/Clip View,Keyboard,Shift+Tab / F12,Device or Clip View,41.1 Showing and Hiding Views
S01-05,Toggle Device and Clip View,Modifier gesture,Option+click view toggle,View toggle,41.1 Showing and Hiding Views
S01-06,Toggle Hot-Swap Mode,Keyboard,Q,Main window,41.1 Showing and Hiding Views
S01-07,Toggle Drum Rack/Last Selected Pad,Keyboard,D,Drum Rack,41.1 Showing and Hiding Views
S01-08,Hide/Show Info View,Keyboard,Shift+?,Main window,41.1 Showing and Hiding Views
S01-09,Hide/Show Video Window,Keyboard,Cmd+Option+V,Main window,41.1 Showing and Hiding Views
S01-10,Hide/Show Browser,Keyboard,Cmd+Option+B / Cmd+Option+5,Main window,41.1 Showing and Hiding Views
S01-11,Hide/Show Overview,Keyboard,Cmd+Option+O,Main window,41.1 Showing and Hiding Views
S01-12,Hide/Show In/Out,Keyboard,Cmd+Option+I,Session or Arrangement View,41.1 Showing and Hiding Views
S01-13,Hide/Show Sends,Keyboard,Cmd+Option+S,Session or Arrangement View,41.1 Showing and Hiding Views
S01-14,Hide/Show Mixer,Keyboard,Cmd+Option+M,Session or Arrangement View,41.1 Showing and Hiding Views
S01-15,Hide/Show Clip View,Keyboard,Cmd+Option+3,Main window,41.1 Showing and Hiding Views
S01-16,Hide/Show Device View,Keyboard,Cmd+Option+4,Main window,41.1 Showing and Hiding Views
S01-17,Hide/Show the Groove Pool,Keyboard,Cmd+Option+6,Main window,41.1 Showing and Hiding Views
S01-18,Hide/Show the Learn View,Keyboard,Cmd+Option+7,Main window,41.1 Showing and Hiding Views
S01-19,Open the Settings,Keyboard,Cmd+comma,Main window,41.1 Showing and Hiding Views
S01-20,Close Window/Dialog,Keyboard,Escape,Window or dialog,41.1 Showing and Hiding Views
S02-01,Move Focus to the Control Bar,Keyboard,Option+0,Main window,41.2 Keyboard Focus and Navigation
S02-02,Move Focus to the Session View,Keyboard,Option+1,Main window,41.2 Keyboard Focus and Navigation
S02-03,Move Focus to the Arrangement View,Keyboard,Option+2,Main window,41.2 Keyboard Focus and Navigation
S02-04,Move Focus to the Clip View,Keyboard,Option+3,Main window,41.2 Keyboard Focus and Navigation
S02-05,Move Focus to the Device View,Keyboard,Option+4,Main window,41.2 Keyboard Focus and Navigation
S02-06,Move Focus to the Browser,Keyboard,Option+5,Main window,41.2 Keyboard Focus and Navigation
S02-07,Move Focus to the Groove Pool,Keyboard,Option+6,Main window,41.2 Keyboard Focus and Navigation
S02-08,Move Focus to the Learn View,Keyboard,Option+7,Main window,41.2 Keyboard Focus and Navigation
S02-09,Move Focus to the Selected Clip Panel,Keyboard,Option+8,Main window,41.2 Keyboard Focus and Navigation
S02-10,Move Focus to the Clip Panels,Keyboard,Option+Shift+P,Clip View,41.2 Keyboard Focus and Navigation
S02-11,Move to Next Focusable Control,Keyboard,Tab,Use Tab to Move Focus enabled,41.2 Keyboard Focus and Navigation
S02-12,Move to Previous Focusable Control,Keyboard,Shift+Tab,Use Tab to Move Focus enabled,41.2 Keyboard Focus and Navigation
S02-13,Move to Next Neighbor of Current Control,Keyboard,Option+Tab,Use Tab to Move Focus enabled,41.2 Keyboard Focus and Navigation
S02-14,Move to Previous Neighbor of Current Control,Keyboard,Option+Shift+Tab,Use Tab to Move Focus enabled,41.2 Keyboard Focus and Navigation
S03-01,New Live Set,Keyboard,Cmd+N,Main window,41.3 Working with Sets and the Program
S03-02,Open Live Set,Keyboard,Cmd+O,Main window,41.3 Working with Sets and the Program
S03-03,Save Live Set,Keyboard,Cmd+S,Main window,41.3 Working with Sets and the Program
S03-04,Save Live Set As,Keyboard,Cmd+Shift+S,Main window,41.3 Working with Sets and the Program
S03-05,Quit Live,Keyboard,Cmd+Q,Main window,41.3 Working with Sets and the Program
S03-06,Hide Live,Keyboard,Cmd+H,Main window,41.3 Working with Sets and the Program
S03-07,Export Audio/Video,Keyboard,Cmd+Shift+R,Main window,41.3 Working with Sets and the Program
S03-08,Export MIDI File,Keyboard,Cmd+Shift+E,Main window,41.3 Working with Sets and the Program
S04-01,Group Devices,Keyboard,Cmd+G,Device selection,41.4 Working with Devices and Plug-Ins
S04-02,Ungroup Devices,Keyboard,Cmd+Shift+G,Device group,41.4 Working with Devices and Plug-Ins
S04-03,Activate/Deactivate All Devices in Group,Modifier gesture,Hold Option and click device activator,Device group,41.4 Working with Devices and Plug-Ins
S04-04,Add Device(s) to Selection,Modifier gesture,Shift+click,Device chain,41.4 Working with Devices and Plug-Ins
S04-05,See List of Devices on a Track,Mouse gesture,right-click Device View selector,Device View selector,41.4 Working with Devices and Plug-Ins
S04-06,Reset Parameter Value,Keyboard,Delete,Device parameter,41.4 Working with Devices and Plug-Ins
S04-07,Reset Parameter Value,Mouse gesture,double-click,Device parameter,41.4 Working with Devices and Plug-Ins
S04-08,Load Selected Device from Browser,Keyboard,Enter,Browser,41.4 Working with Devices and Plug-Ins
S04-09,Hot-Swap Selected Device,Keyboard,Q,Selected device,41.4 Working with Devices and Plug-Ins
S04-10,Hide/Show Open Plug-In Windows,Keyboard,Cmd+Option+P,Plug-In window,41.4 Working with Devices and Plug-Ins
S04-11,Open Multiple Windows with Show/Hide Plug-In Window Button,Modifier gesture,Cmd+click Show/Hide Plug-In Window button,Device View,41.4 Working with Devices and Plug-Ins
S04-12,Compare A/B: Switch Device State,Keyboard,P,Device View,41.4 Working with Devices and Plug-Ins
S05-01,Cut,Keyboard,Cmd+X,Editable selection,41.5 Editing
S05-02,Copy,Keyboard,Cmd+C,Editable selection,41.5 Editing
S05-03,Paste,Keyboard,Cmd+V,Editable selection,41.5 Editing
S05-04,Duplicate,Keyboard,Cmd+D,Editable selection,41.5 Editing
S05-05,Delete,Keyboard,Delete,Editable selection,41.5 Editing
S05-06,Undo,Keyboard,Cmd+Z,Editable selection,41.5 Editing
S05-07,Redo,Keyboard,Cmd+Shift+Z,Editable selection,41.5 Editing
S05-08,Rename,Keyboard,Cmd+R,Editable selection,41.5 Editing
S05-09,Select All,Keyboard,Cmd+A,Editable selection,41.5 Editing
S05-10,Select Multiple Items,Modifier gesture,Cmd+click,Editable items,41.5 Editing
S05-11,Select Multiple Items by First and Last Item,Modifier gesture,Shift+click,Editable items,41.5 Editing
S05-12,Move to Next Track/Scene When Renaming,Keyboard,Tab,Inline rename,41.5 Editing
S05-13,Ignore Grid Quantization When Dragging,Modifier gesture,Cmd+drag,Editable item,41.5 Editing
S05-14,Apply Editing Shortcut to Clips and Slots Across All Tracks,Keyboard hold,Shift,Clips and slots,41.5 Editing
S05-15,Apply Editing Shortcut to Time Across All Tracks,Keyboard hold,Shift,Time selection,41.5 Editing
S05-16,Apply Editing Shortcut to Selected Part of Envelope,Keyboard hold,Option,Breakpoint envelope,41.5 Editing
S06-01,Decrement Value,Keyboard,Down arrow,Value control,41.6 Adjusting Values
S06-02,Increment Value,Keyboard,Up arrow,Value control,41.6 Adjusting Values
S06-03,Decrement/Increment Value in Octaves or Fine Adjustments,Keyboard,Shift+Up / Shift+Down,Value control,41.6 Adjusting Values
S06-04,Finer Resolution When Dragging,Keyboard hold,Shift,Value control,41.6 Adjusting Values
S06-05,Return to Default,Keyboard,Delete,Value control,41.6 Adjusting Values
S06-06,Type In Value,Keyboard,0 through 9,Value control,41.6 Adjusting Values
S06-07,Go to Next Field (Bar/Beat/16th),Keyboard,period / comma,Value entry,41.6 Adjusting Values
S06-08,Cancel Value Entry,Keyboard,Escape,Value entry,41.6 Adjusting Values
S06-09,Confirm Value Entry,Keyboard,Enter,Value entry,41.6 Adjusting Values
S07-01,Toggle Automation Mode,Keyboard,A,Breakpoint envelope,41.7 Commands for Breakpoint Envelopes
S07-02,Finer Resolution When Dragging,Keyboard hold,Shift,Breakpoint envelope,41.7 Commands for Breakpoint Envelopes
S07-03,Create Curved Automation Segment,Keyboard hold,Option,Breakpoint envelope segment,41.7 Commands for Breakpoint Envelopes
S07-04,Momentarily Toggle Fade Controls,Keyboard hold,F,Breakpoint envelope,41.7 Commands for Breakpoint Envelopes
S07-05,Delete Selected Breakpoint Envelope,Keyboard,Cmd+Delete,Breakpoint envelope,41.7 Commands for Breakpoint Envelopes
S07-06,Ignore Grid Quantization When Dragging,Modifier gesture,Cmd+drag,Breakpoint envelope,41.7 Commands for Breakpoint Envelopes
S08-01,Set Start Marker,Keyboard,Cmd+F9,Clip View,41.8 Loop Brace and Start/End Markers
S08-02,Set Loop Brace Start,Keyboard,Cmd+F10,Clip View,41.8 Loop Brace and Start/End Markers
S08-03,Set Loop Brace End,Keyboard,Cmd+F11,Clip View,41.8 Loop Brace and Start/End Markers
S08-04,Set End Marker,Keyboard,Cmd+F12,Clip View,41.8 Loop Brace and Start/End Markers
S08-05,Move Start Marker to Position,Modifier gesture,Cmd+click,Selected start marker,41.8 Loop Brace and Start/End Markers
S08-06,Move End Marker to Position,Modifier gesture,Cmd+Shift+click,Selected end marker,41.8 Loop Brace and Start/End Markers
S08-07,Nudge Loop Brace Left,Keyboard,Left arrow,Selected loop brace,41.8 Loop Brace and Start/End Markers
S08-08,Nudge Loop Brace Right,Keyboard,Right arrow,Selected loop brace,41.8 Loop Brace and Start/End Markers
S08-09,Move Loop by Loop Length,Keyboard,Up / Down arrow,Selected loop brace,41.8 Loop Brace and Start/End Markers
S08-10,Halve/Double Loop Length,Keyboard,Cmd+Up / Cmd+Down,Selected loop brace,41.8 Loop Brace and Start/End Markers
S08-11,Shorten/Lengthen Loop,Keyboard,Cmd+Right / Cmd+Left,Selected loop brace,41.8 Loop Brace and Start/End Markers
S08-12,Select Material in Loop,Keyboard,Cmd+Shift+L,Selected loop brace,41.8 Loop Brace and Start/End Markers
S09-01,Zoom In Window,Keyboard,Cmd+plus,Window,"41.9 Zooming, Display and Selections"
S09-02,Zoom Out Window,Keyboard,Cmd+minus,Window,"41.9 Zooming, Display and Selections"
S09-03,Zoom In Time Ruler,Keyboard,plus,Time ruler,"41.9 Zooming, Display and Selections"
S09-04,Zoom Out Time Ruler,Keyboard,minus,Time ruler,"41.9 Zooming, Display and Selections"
S09-05,Scroll Display to Follow Playback,Keyboard,Option+Shift+F,Display,"41.9 Zooming, Display and Selections"
S09-06,Scroll Left/Right,Modifier gesture,Shift+scroll,Display,"41.9 Zooming, Display and Selections"
S09-07,Pan Left/Right of Selection,Modifier gesture,Cmd+Option+drag,Selection,"41.9 Zooming, Display and Selections"
S09-08,Add Items to a Selection,Modifier gesture,Shift+click or drag,Items,"41.9 Zooming, Display and Selections"
S09-09,Add Adjacent Clips/Tracks/Scenes to Multi-Selection,Modifier gesture,Shift+click,Clips tracks or scenes,"41.9 Zooming, Display and Selections"
S09-10,Add Nonadjacent Clips/Tracks/Scenes to Multi-Selection,Modifier gesture,Cmd+click,Clips tracks or scenes,"41.9 Zooming, Display and Selections"
S10-01,Switch Between Sample/Envelopes Tabs,Keyboard,Option+Tab,Audio Clip View,41.10 Clip View Editor View Modes
S10-02,Switch Between Notes/Envelopes/MPE Tabs,Keyboard,Option+Tab,MIDI Clip View,41.10 Clip View Editor View Modes
S10-03,Switch to Sample/Notes Tab,Keyboard,Option+Shift+1,Clip View,41.10 Clip View Editor View Modes
S10-04,Switch to Envelopes Tab,Keyboard,Option+Shift+2,Clip View,41.10 Clip View Editor View Modes
S10-05,Switch to MPE Tab,Keyboard,Option+Shift+3,MIDI Clip View,41.10 Clip View Editor View Modes
S11-01,Quantize,Keyboard,Cmd+U,Sample Editor,41.11 Clip View Sample Editor
S11-02,Quantize Settings,Keyboard,Cmd+Shift+U,Sample Editor,41.11 Clip View Sample Editor
S11-03,Move Selected Warp Marker,Keyboard,Left / Right arrow,Sample Editor,41.11 Clip View Sample Editor
S11-04,Select Warp Marker,Keyboard,Cmd+Left / Cmd+Right arrow,Sample Editor,41.11 Clip View Sample Editor
S11-05,Scroll Display to Follow Playback,Keyboard,Option+Shift+F,Sample Editor,41.11 Clip View Sample Editor
S11-06,Move Clip Region with Start Marker,Keyboard,Shift+Left / Shift+Right arrow,Sample Editor,41.11 Clip View Sample Editor
S11-07,Zoom to Clip Selection,Keyboard,Z,Sample Editor,41.11 Clip View Sample Editor
S11-08,Zoom Back from Clip Selection,Keyboard,X,Sample Editor,41.11 Clip View Sample Editor
S11-09,Insert Warp Marker,Keyboard,Cmd+I,Sample Editor,41.11 Clip View Sample Editor
S11-10,Delete Warp Marker,Keyboard,Delete,Sample Editor,41.11 Clip View Sample Editor
S11-11,Insert Transient,Keyboard,Cmd+Shift+I,Sample Editor,41.11 Clip View Sample Editor
S11-12,Delete Transient,Keyboard,Cmd+Shift+Delete,Sample Editor,41.11 Clip View Sample Editor
S11-13,Fit Content to View Width,Keyboard,W,Sample Editor,41.11 Clip View Sample Editor
S11-14,Fit Content to View Height,Keyboard,H,Sample Editor,41.11 Clip View Sample Editor
S12-01,Select All Notes,Keyboard,Cmd+A,MIDI Note Editor,41.12 Clip View MIDI Note Editor
S12-02,Copy Notes,Modifier gesture,Option+drag,MIDI Note Editor,41.12 Clip View MIDI Note Editor
S12-03,Chop Selected Notes on Grid or Split Notes at Time Selection Start/End,Keyboard,Cmd+E,MIDI Note Editor,41.12 Clip View MIDI Note Editor
S12-04,Chop Notes in Increments of 1,Modifier gesture,Cmd+E drag up/down,MIDI Note Editor,41.12 Clip View MIDI Note Editor
S12-05,Chop Notes in Increments of 2,Modifier gesture,Cmd+Shift+E drag up/down,MIDI Note Editor,41.12 Clip View MIDI Note Editor
S12-06,Split Notes at Exact Location,Keyboard hold,Hold E then click,MIDI Note Editor,41.12 Clip View MIDI Note Editor
S12-07,Move Split Note,Keyboard hold,Hold E then drag,MIDI Note Editor,41.12 Clip View MIDI Note Editor
S12-08,Join Notes,Keyboard,Cmd+J,MIDI Note Editor,41.12 Clip View MIDI Note Editor
S12-09,Fit Notes to Time Range,Keyboard,Cmd+Option+J,MIDI Note Editor,41.12 Clip View MIDI Note Editor
S12-10,Fit Content to View Width,Keyboard,W,MIDI Note Editor,41.12 Clip View MIDI Note Editor
S12-11,Fit Content to View Height,Keyboard,H,MIDI Note Editor,41.12 Clip View MIDI Note Editor
S12-12,Quantize,Keyboard,Cmd+U,MIDI Note Editor,41.12 Clip View MIDI Note Editor
S12-13,Quantize Settings,Keyboard,Cmd+Shift+U,MIDI Note Editor,41.12 Clip View MIDI Note Editor
S12-14,Scroll Editor Vertically,Keyboard,Page Up / Page Down,MIDI Note Editor,41.12 Clip View MIDI Note Editor
S12-15,Scroll Editor Vertically in Fine Increments,Keyboard,Shift+Page Up / Shift+Page Down,MIDI Note Editor,41.12 Clip View MIDI Note Editor
S12-16,Scroll Editor Horizontally,Keyboard,Cmd+Page Up / Cmd+Page Down,MIDI Note Editor,41.12 Clip View MIDI Note Editor
S12-17,Change Velocity from MIDI Note Editor,Modifier gesture,Cmd+drag,MIDI Note Editor,41.12 Clip View MIDI Note Editor
S12-18,Move Insert Marker to Beginning,Keyboard,Home / Fn+Left arrow,MIDI Note Editor,41.12 Clip View MIDI Note Editor
S12-19,Move Insert Marker to End,Keyboard,End / Fn+Right arrow,MIDI Note Editor,41.12 Clip View MIDI Note Editor
S12-20,Select Next/Previous Note,Keyboard,Option+Up / Option+Down arrow,MIDI Note Editor,41.12 Clip View MIDI Note Editor
S12-21,Select Next/Previous Note in Same Key Track,Keyboard,Option+Left / Option+Right arrow,MIDI Note Editor,41.12 Clip View MIDI Note Editor
S12-22,Scroll Display to Follow Playback,Keyboard,Option+Shift+F,MIDI Note Editor,41.12 Clip View MIDI Note Editor
S12-23,Move Clip Region with Start Marker,Keyboard,Shift+Left / Shift+Right arrow,MIDI Note Editor,41.12 Clip View MIDI Note Editor
S12-24,Zoom to Clip Selection,Keyboard,Z,MIDI Note Editor,41.12 Clip View MIDI Note Editor
S12-25,Zoom Back from Clip Selection,Keyboard,X,MIDI Note Editor,41.12 Clip View MIDI Note Editor
S12-26,Zoom In/Out Horizontally,Keyboard,plus / minus,MIDI Note Editor,41.12 Clip View MIDI Note Editor
S12-27,Set Note Selection Velocity,Keyboard,0 through 127 then Enter,MIDI Note Editor,41.12 Clip View MIDI Note Editor
S12-28,Adjust Note Selection Velocity,Keyboard,Cmd+Up / Cmd+Down arrow,MIDI Note Editor,41.12 Clip View MIDI Note Editor
S12-29,Adjust Note Selection Velocity Deviation,Keyboard,Cmd+Shift+Up / Cmd+Shift+Down arrow,MIDI Note Editor,41.12 Clip View MIDI Note Editor
S12-30,Adjust Note Selection Chance,Keyboard,Cmd+Option+Up / Cmd+Option+Down arrow,MIDI Note Editor,41.12 Clip View MIDI Note Editor
S12-31,Toggle Full-Size Clip View,Keyboard,Cmd+Option+E,MIDI Note Editor,41.12 Clip View MIDI Note Editor
S12-32,Group Notes (Play All),Keyboard,Cmd+G,MIDI Note Editor,41.12 Clip View MIDI Note Editor
S12-33,Ungroup Notes,Keyboard,Cmd+Shift+G,MIDI Note Editor,41.12 Clip View MIDI Note Editor
S12-34,Apply Current MIDI Tool Settings,Keyboard,Cmd+Enter,MIDI Note Editor,41.12 Clip View MIDI Note Editor
S12-35,Invert Note Selection,Keyboard,Cmd+Shift+A,MIDI Note Editor,41.12 Clip View MIDI Note Editor
S12-36,Highlight Scale,Keyboard,K,MIDI Note Editor,41.12 Clip View MIDI Note Editor
S12-37,Split Arrangement Clip Based on Time Selection,Keyboard,Cmd+Shift+E,MIDI Note Editor,41.12 Clip View MIDI Note Editor
S12-38,Show/Hide MIDI Note Filters,Keyboard,Cmd+Shift+F,MIDI Note Editor,41.12 Clip View MIDI Note Editor
S13-01,Toggle Draw Mode (Pitch Lock Off),Keyboard,B,Editor,41.13 Grid Snapping and Drawing
S13-02,Narrow Grid,Keyboard,Cmd+1,Editor,41.13 Grid Snapping and Drawing
S13-03,Widen Grid,Keyboard,Cmd+2,Editor,41.13 Grid Snapping and Drawing
S13-04,Triplet Grid,Keyboard,Cmd+3,Editor,41.13 Grid Snapping and Drawing
S13-05,Snap to Grid,Keyboard,Cmd+4,Editor,41.13 Grid Snapping and Drawing
S13-06,Fixed/Zoom-Adaptive Grid,Keyboard,Cmd+5,Editor,41.13 Grid Snapping and Drawing
S13-07,Bypass Snapping While Dragging,Modifier gesture,Cmd+drag,Editor,41.13 Grid Snapping and Drawing
S14-01,Sixteenth-Note Quantization,Keyboard,Cmd+6,Main window,41.14 Global Quantization
S14-02,Eighth-Note Quantization,Keyboard,Cmd+7,Main window,41.14 Global Quantization
S14-03,Quarter-Note Quantization,Keyboard,Cmd+8,Main window,41.14 Global Quantization
S14-04,1-Bar Quantization,Keyboard,Cmd+9,Main window,41.14 Global Quantization
S14-05,Quantization Off,Keyboard,Cmd+0,Main window,41.14 Global Quantization
S15-01,Launch Selected Clip/Slot,Keyboard,Enter,Session View,41.15 Session View
S15-02,Select Neighboring Clip/Slot,Keyboard,Arrow keys,Session View,41.15 Session View
S15-03,Select All Clips/Slots,Keyboard,Cmd+A,Session View,41.15 Session View
S15-04,Copy Clips,Modifier gesture,Option+drag,Session View,41.15 Session View
S15-05,Add/Remove Stop Button,Keyboard,Cmd+E,Session View,41.15 Session View
S15-06,Stop Clips in Track with Slot Selection,Keyboard,Cmd+Enter,Session View,41.15 Session View
S15-07,Insert MIDI Clip,Keyboard,Cmd+Shift+M,Session View,41.15 Session View
S15-08,Insert Scene,Keyboard,Cmd+I,Session View,41.15 Session View
S15-09,Insert Captured Scene,Keyboard,Cmd+Shift+I,Session View,41.15 Session View
S15-10,Move Up/Down Between Scenes (One at a Time),Keyboard,Up / Down arrow,Session View,41.15 Session View
S15-11,Move Up/Down Between Scenes (Eight at a Time),Keyboard,Page Up / Page Down,Session View,41.15 Session View
S15-12,Record to Session View,Keyboard,Cmd+Shift+F9,Session View,41.15 Session View
S15-13,Toggle Follow Actions for Selected Clips,Keyboard,Shift+Enter,Session View,41.15 Session View
S15-14,Create Follow Action Chain,Keyboard,Cmd+Shift+Enter,Session View,41.15 Session View
S15-15,Move Selected Track Left/Right,Keyboard,Cmd+Left / Cmd+Right arrow,Session View,41.15 Session View
S15-16,Move Nonadjacent Scenes Without Collapsing,Keyboard,Cmd+Up / Cmd+Down arrow,Session View,41.15 Session View
S15-17,Drop Browser Clips as a Scene,Modifier gesture,Cmd+drag,Browser to Session View,41.15 Session View
S15-18,Deactivate Selected Clip,Keyboard,0,Selected Session clip,41.15 Session View
S15-19,Jump to Highlighted Track Title Bar,Keyboard,Escape,Session View,41.15 Session View
S15-20,Jump to the First Track of the Current Scene,Keyboard,Home / Fn+Left arrow,Session View,41.15 Session View
S15-21,Jump to the Last Track of the Current Scene,Keyboard,End / Fn+Right arrow,Session View,41.15 Session View
S15-22,Jump to the Current Scene from the Last Track,Keyboard,End / Fn+Right arrow,Session View,41.15 Session View
S15-23,Solo Selected Chain,Keyboard,S,Session View,41.15 Session View
S16-01,Split Clip at Selection,Keyboard,Cmd+E,Arrangement View,41.16 Arrangement View
S16-02,Consolidate Selection into Clip,Keyboard,Cmd+J,Arrangement View,41.16 Arrangement View
S16-03,Crop Selected Clips,Keyboard,Cmd+Shift+J,Arrangement View,41.16 Arrangement View
S16-04,Resize Clip When Insert Marker is at Clip Edge,Keyboard,Enter then Left / Right arrow,Arrangement View,41.16 Arrangement View
S16-05,Slide Waveform,Modifier gesture,Shift+Option+drag,Arrangement clip,41.16 Arrangement View
S16-06,Stretch Warped Clip,Modifier gesture,Shift+drag in clip title bar,Arrangement clip,41.16 Arrangement View
S16-07,Select Time Within Clip,Modifier gesture,Shift+Option+drag in clip title bar,Arrangement clip,41.16 Arrangement View
S16-08,Create Fade/Crossfade,Keyboard,Cmd+Option+F,Arrangement View,41.16 Arrangement View
S16-09,Delete Fades/Crossfades in Selected Clip(s),Keyboard,Cmd+Option+Delete,Arrangement View,41.16 Arrangement View
S16-10,Momentarily Toggle Fade Handles,Keyboard hold,F,Arrangement View,41.16 Arrangement View
S16-11,Toggle Loop Brace,Keyboard,Cmd+L,Arrangement View,41.16 Arrangement View
S16-12,Adjust Loop Brace Length,Keyboard,Cmd+Left / Cmd+Right arrow,Arrangement View,41.16 Arrangement View
S16-13,Select Loop Brace Contents,Keyboard,Cmd+Shift+L,Arrangement View,41.16 Arrangement View
S16-14,Insert Silence,Keyboard,Cmd+I,Arrangement View,41.16 Arrangement View
S16-15,Cut Time,Keyboard,Cmd+Shift+X,Arrangement View,41.16 Arrangement View
S16-16,Copy Time,Keyboard,Cmd+Shift+C,Arrangement View,41.16 Arrangement View
S16-17,Paste Time,Keyboard,Cmd+Shift+V,Arrangement View,41.16 Arrangement View
S16-18,Duplicate Time,Keyboard,Cmd+Shift+D,Arrangement View,41.16 Arrangement View
S16-19,Delete Time,Keyboard,Cmd+Shift+Delete,Arrangement View,41.16 Arrangement View
S16-20,Fold/Unfold Selected Tracks,Keyboard,U / Left / Right arrow,Arrangement View,41.16 Arrangement View
S16-21,Unfold All Tracks,Keyboard,Option+U,Arrangement View,41.16 Arrangement View
S16-22,Adjust Height of Selected Tracks/Clips,Keyboard,Option+plus / Option+minus,Arrangement View,41.16 Arrangement View
S16-23,Scroll Display to Follow Playback,Keyboard,Option+Shift+F,Arrangement View,41.16 Arrangement View
S16-24,Scroll Display Left/Right of Selection,Modifier gesture,Cmd+Option+drag,Arrangement View,41.16 Arrangement View
S16-25,Optimize Arrangement Height,Keyboard,H,Arrangement View,41.16 Arrangement View
S16-26,Optimize Arrangement Width,Keyboard,W,Arrangement View,41.16 Arrangement View
S16-27,Deactivate Selection,Keyboard,0,Arrangement View,41.16 Arrangement View
S16-28,Nudge Selection Left/Right,Keyboard,Left / Right arrow,Arrangement View,41.16 Arrangement View
S16-29,Reverse Audio Clip Selection,Keyboard,R,Arrangement View,41.16 Arrangement View
S16-30,Zoom to Arrangement Time Selection,Keyboard,Z,Arrangement View,41.16 Arrangement View
S16-31,Zoom Back from Arrangement Time Selection,Keyboard,X,Arrangement View,41.16 Arrangement View
S16-32,Play from Insert Marker in Selected Clip,Keyboard,Option+Space,Arrangement View,41.16 Arrangement View
S16-33,Move Insert Marker to Playhead Position,Keyboard,Cmd+Shift+Space,Arrangement View,41.16 Arrangement View
S16-34,Jump to Highlighted Track Title Bar,Keyboard,Escape,Arrangement View,41.16 Arrangement View
S16-35,Move Focus to Mixer,Keyboard,Option+Shift+M,Arrangement View,41.16 Arrangement View
S17-01,Show Take Lanes,Keyboard,Cmd+Option+U,Arrangement View,41.17 Comping
S17-02,Add Selected Take Lane Area to Main Track Lane,Keyboard,Enter,Comping,41.17 Comping
S17-03,Audition Selected Take Lane,Keyboard,T,Comping,41.17 Comping
S17-04,Add Take Lane,Keyboard,Shift+Option+T,Comping,41.17 Comping
S17-05,Duplicate Selected Take Lane,Keyboard,Cmd+D,Comping,41.17 Comping
S17-06,Replace Main Take Clip with Next/Previous Take,Keyboard,Cmd+Up / Cmd+Down arrow,Comping,41.17 Comping
S18-01,Bounce to New Track,Keyboard,Cmd+B,Arrangement View,41.18 Bounce to Audio
S18-02,Paste Bounced Audio,Keyboard,Cmd+Option+V,Arrangement View,41.18 Bounce to Audio
S19-01,Insert Audio Track,Keyboard,Cmd+T,Track area,41.19 Commands for Tracks
S19-02,Insert MIDI Track,Keyboard,Cmd+Shift+T,Track area,41.19 Commands for Tracks
S19-03,Insert Return Track,Keyboard,Cmd+Option+T,Track area,41.19 Commands for Tracks
S19-04,Rename Selected Track,Keyboard,Cmd+R,Selected track,41.19 Commands for Tracks
S19-05,Go to Next Track When Renaming,Keyboard,Tab,Selected track,41.19 Commands for Tracks
S19-06,Group Selected Tracks,Keyboard,Cmd+G,Selected tracks,41.19 Commands for Tracks
S19-07,Ungroup Tracks,Keyboard,Cmd+Shift+G,Selected tracks,41.19 Commands for Tracks
S19-08,Show Grouped Tracks,Keyboard,plus,Track group,41.19 Commands for Tracks
S19-09,Hide Grouped Tracks,Keyboard,minus,Track group,41.19 Commands for Tracks
S19-10,Collapse/Expand Grouped Tracks,Keyboard,U,Track group,41.19 Commands for Tracks
S19-11,Hide/Show Return Tracks,Keyboard,Cmd+Option+R,Track area,41.19 Commands for Tracks
S19-12,Move Nonadjacent Tracks Without Collapsing,Keyboard,Cmd+Arrow keys,Track area,41.19 Commands for Tracks
S19-13,Arm Selected Tracks,Keyboard,C,Selected tracks,41.19 Commands for Tracks
S19-14,Solo Selected Tracks,Keyboard,S,Selected tracks,41.19 Commands for Tracks
S19-15,Add Device from Browser,Keyboard,Enter,Browser,41.19 Commands for Tracks
S19-16,Deactivate Selected Track,Keyboard,0,Selected track,41.19 Commands for Tracks
S19-17,Freeze/Unfreeze Tracks,Keyboard,Cmd+Option+Shift+F,Selected tracks,41.19 Commands for Tracks
S19-18,Delete Track from Track Title Bar,Keyboard,Delete,Track title bar,41.19 Commands for Tracks
S20-01,Play from Start Marker/Stop,Keyboard,Space,Transport,41.20 Transport
S20-02,Continue Play from Stop Point,Keyboard,Shift+Space,Transport,41.20 Transport
S20-03,Stop Playback at End of Selection,Keyboard,Option+Space,Transport,41.20 Transport
S20-04,Play Arrangement View Selection,Keyboard,Space,Arrangement View selection,41.20 Transport
S20-05,Move Insert Marker to Beginning,Keyboard,Home / Fn+Left arrow,Transport,41.20 Transport
S20-06,Record,Keyboard,F9,Transport,41.20 Transport
S20-07,Arm Recording in Arrangement View,Keyboard,Shift+F9,Transport,41.20 Transport
S20-08,Record to Session View,Keyboard,Cmd+Shift+F9,Transport,41.20 Transport
S20-09,Back to Arrangement,Keyboard,F10,Transport,41.20 Transport
S20-10,Activate/Deactivate Track 1,Keyboard,F1,Transport,41.20 Transport
S20-11,Activate/Deactivate Track 2,Keyboard,F2,Transport,41.20 Transport
S20-12,Activate/Deactivate Track 3,Keyboard,F3,Transport,41.20 Transport
S20-13,Activate/Deactivate Track 4,Keyboard,F4,Transport,41.20 Transport
S20-14,Activate/Deactivate Track 5,Keyboard,F5,Transport,41.20 Transport
S20-15,Activate/Deactivate Track 6,Keyboard,F6,Transport,41.20 Transport
S20-16,Activate/Deactivate Track 7,Keyboard,F7,Transport,41.20 Transport
S20-17,Activate/Deactivate Track 8,Keyboard,F8,Transport,41.20 Transport
S20-18,Toggle Metronome,Keyboard,O,Transport,41.20 Transport
S21-01,Turn Audio Engine On/Off,Keyboard,Cmd+Option+Shift+E,Main window,41.21 Audio Engine
S22-01,Scroll Down/Up,Keyboard,Up / Down arrow,Browser,41.22 Browser
S22-02,Close/Open Folders,Keyboard,Right / Left arrow,Browser,41.22 Browser
S22-03,Load Selected Item from Browser,Keyboard,Enter,Browser,41.22 Browser
S22-04,Preview Selected File,Keyboard,Shift+Enter / Right arrow,Browser,41.22 Browser
S22-05,Search in Browser,Keyboard,Cmd+F,Browser,41.22 Browser
S22-06,Jump to Search Results,Keyboard,Down arrow / Enter,Browser search,41.22 Browser
S22-07,Assign Color 1 to Selected Browser Item(s),Keyboard,1,Browser,41.22 Browser
S22-08,Assign Color 2 to Selected Browser Item(s),Keyboard,2,Browser,41.22 Browser
S22-09,Assign Color 3 to Selected Browser Item(s),Keyboard,3,Browser,41.22 Browser
S22-10,Assign Color 4 to Selected Browser Item(s),Keyboard,4,Browser,41.22 Browser
S22-11,Assign Color 5 to Selected Browser Item(s),Keyboard,5,Browser,41.22 Browser
S22-12,Assign Color 6 to Selected Browser Item(s),Keyboard,6,Browser,41.22 Browser
S22-13,Assign Color 7 to Selected Browser Item(s),Keyboard,7,Browser,41.22 Browser
S22-14,Reset Assigned Color(s) for Selected Browser Item(s),Keyboard,0,Browser,41.22 Browser
S22-15,Show Similar Files Using Similarity Search,Keyboard,Cmd+Shift+F,Browser,41.22 Browser
S22-16,Browser History Back,Keyboard,Cmd+left bracket,Browser,41.22 Browser
S22-17,Browser History Forward,Keyboard,Cmd+right bracket,Browser,41.22 Browser
S22-18,Hide/Show Filter View,Keyboard,Cmd+Option+G,Browser,41.22 Browser
S22-19,Hide/Show Tag Editor,Keyboard,Cmd+Shift+E,Browser,41.22 Browser
S23-01,Swap to Next Similar Sample,Keyboard,Cmd+Right arrow,Drum Rack Drum Rack pad or Simpler,41.23 Similar Sample Swapping
S23-02,Swap to Previous Similar Sample,Keyboard,Cmd+Left arrow,Drum Rack Drum Rack pad or Simpler,41.23 Similar Sample Swapping
S23-03,Save as Similarity Reference,Keyboard,Cmd+Up arrow,Drum Rack Drum Rack pad or Simpler,41.23 Similar Sample Swapping
S23-04,Return to Reference,Keyboard,Cmd+Down arrow,Drum Rack Drum Rack pad or Simpler,41.23 Similar Sample Swapping
S23-05,Temporarily Toggle Similar Sample Swap Controls in Drum Racks,Keyboard hold,Option,Drum Rack,41.23 Similar Sample Swapping
S24-01,Toggle MIDI Map Mode,Keyboard,Cmd+M,Main window,41.24 Key/MIDI Map Mode and the Computer MIDI Keyboard
S24-02,Toggle Key Map Mode,Keyboard,Cmd+K,Main window,41.24 Key/MIDI Map Mode and the Computer MIDI Keyboard
S24-03,Computer MIDI Keyboard,Keyboard,M,Main window,41.24 Key/MIDI Map Mode and the Computer MIDI Keyboard
S24-04,Adjust Computer MIDI Keyboard Octave Range Up/Down,Keyboard,X / Z,Computer MIDI Keyboard,41.24 Key/MIDI Map Mode and the Computer MIDI Keyboard
S24-05,Adjust Computer MIDI Keyboard Incoming Note Velocity Up/Down,Keyboard,C / V,Computer MIDI Keyboard,41.24 Key/MIDI Map Mode and the Computer MIDI Keyboard
S24-06,Use Single-Letter Shortcut While Computer MIDI Keyboard Is Active,Keyboard,Shift plus single-letter shortcut,Computer MIDI Keyboard enabled,41.24 Key/MIDI Map Mode and the Computer MIDI Keyboard
S25-01,Momentarily Toggle Arrangement Automation Mode,Keyboard hold,A,Arrangement View,41.25 Momentary Latching Shortcuts
S25-02,Momentarily Toggle Draw Mode,Keyboard hold,B,Editor,41.25 Momentary Latching Shortcuts
S25-03,Momentarily Toggle Soloing the Selected Track,Keyboard hold,S,Selected track,41.25 Momentary Latching Shortcuts
S25-04,Momentarily Toggle Zooming into the Arrangement Selection,Keyboard hold,Z,Arrangement View,41.25 Momentary Latching Shortcuts
S25-05,Momentarily Toggle Track 1 Activator,Keyboard hold,F1,Track 1,41.25 Momentary Latching Shortcuts
S25-06,Momentarily Toggle Track 2 Activator,Keyboard hold,F2,Track 2,41.25 Momentary Latching Shortcuts
S25-07,Momentarily Toggle Track 3 Activator,Keyboard hold,F3,Track 3,41.25 Momentary Latching Shortcuts
S25-08,Momentarily Toggle Track 4 Activator,Keyboard hold,F4,Track 4,41.25 Momentary Latching Shortcuts
S25-09,Momentarily Toggle Track 5 Activator,Keyboard hold,F5,Track 5,41.25 Momentary Latching Shortcuts
S25-10,Momentarily Toggle Track 6 Activator,Keyboard hold,F6,Track 6,41.25 Momentary Latching Shortcuts
S25-11,Momentarily Toggle Track 7 Activator,Keyboard hold,F7,Track 7,41.25 Momentary Latching Shortcuts
S25-12,Momentarily Toggle Track 8 Activator,Keyboard hold,F8,Track 8,41.25 Momentary Latching Shortcuts
S25-13,Momentarily Toggle Between Arrangement and Session View,Keyboard hold,Tab,Main window,41.25 Momentary Latching Shortcuts
S26-01,Move to Next Control,Keyboard,Tab,Use Tab to Move Focus enabled,41.26.1 Using Tab for Navigation
S26-02,Move to Previous Control,Keyboard,Shift+Tab,Use Tab to Move Focus enabled,41.26.1 Using Tab for Navigation
S26-03,Move to Next Control in Same Mixer Row,Keyboard,Option+Tab,Session or Arrangement mixer,41.26.1 Using Tab for Navigation
S26-04,Move to Previous Control in Same Mixer Row,Keyboard,Option+Shift+Tab,Session or Arrangement mixer,41.26.1 Using Tab for Navigation
S26-05,Collapse Arrangement Time Selection to Start Point,Keyboard,Left arrow,Arrangement View with Move Clips with Arrow Keys disabled,41.26.1 Using Tab for Navigation
S26-06,Collapse Arrangement Time Selection to End Point,Keyboard,Right arrow,Arrangement View with Move Clips with Arrow Keys disabled,41.26.1 Using Tab for Navigation
S26-07,Navigate Settings Tab Options,Keyboard,Tab / Shift+Tab,Settings tab,41.26.2 Navigating Between Controls in the Settings Menu
S26-08,Change Focused Settings Command,Keyboard,Up / Down arrow,Settings tab,41.26.2 Navigating Between Controls in the Settings Menu
S26-09,Switch Focused Settings Toggle State,Keyboard,Enter,Settings tab,41.26.2 Navigating Between Controls in the Settings Menu
S26-10,Navigate Settings Page Chooser Tabs,Keyboard,Option+Tab / Option+Shift+Tab,Settings Page Chooser,41.26.2 Navigating Between Controls in the Settings Menu
S26-11,Navigate Settings Page Chooser Tabs,Keyboard,Up / Down arrow,Settings Page Chooser,41.26.2 Navigating Between Controls in the Settings Menu
S26-12,Return Focus to Settings Page Chooser,Keyboard,Shift+Tab,First control in Settings tab,41.26.2 Navigating Between Controls in the Settings Menu
S28-01,Open Menu Search,Keyboard,Cmd+?,macOS menu bar,41.28 Accessing Menus
S28-02,Navigate Suggested Menu Entries,Keyboard,Up / Down arrow,Menu search,41.28 Accessing Menus
S28-03,Choose Suggested Menu Entry,Keyboard,Enter,Menu search,41.28 Accessing Menus
S29-01,Open Context Menu,Mouse gesture,Ctrl+click,Live interface,41.29 Using Live's Context Menu
S29-02,Open Context Menu,Accessibility command,VO+Shift+M,Live interface,41.29 Using Live's Context Menu
