Mapping ID,Ableton shortcut ID,Mapping role,Ardour context,Proposed macOS,Ardour key token,Ardour action target,Implementation type,Mapping class,Availability,Conflict / implementation note,Status
M001,S01-01,Placeholder,,,,,,,,,Needs audit
M002,S01-02,Alternative,Global,Cmd+Shift+W,Primary-Tertiary-w,Common/key-change-mixer-visibility,Profile keybinding,Similar,Native unbound,For a detached visible mixer the existing key action presents the main window; it is not a second-window toggle.,Proposed
M003,S01-03,Current fallback,Global,Tab,Tab,Common/next-tab,Profile keybinding,Similar,Profile bound,Workspace tab cycling does not implement Live Session/Arrangement view toggling.,Implemented
M004,S01-04,Current fallback,Global,Shift+Tab,Tertiary-ISO_Left_Tab,Common/previous-tab,Profile keybinding,Similar,Profile bound,Workspace tab cycling does not implement Live Device/Clip view toggling.,Implemented
M005,S01-05,Placeholder,,,,,,,,,Needs audit
M006,S01-06,Preferred,Processor editor,Q,,ProcessorBox/toggle-hot-swap (new),Ardour UI patch,Similar,Lua accessible,"Plugin selection adds a processor; Lua can replace one, but no selected-processor hot-swap browser workflow exists.",Proposed
M007,S01-07,Placeholder,,,,,,,,,Needs audit
M008,S01-08,Placeholder,,,,,,,,,Needs audit
M009,S01-09,Preferred,Editor,Cmd+Option+V,Primary-Level4-v,Editor/ToggleJadeo,Profile keybinding,Exact,Native unbound,,Proposed
M010,S01-10,Preferred,Editor,Cmd+Option+B,,Editor/toggle-media-browser (new),Ardour UI patch,Similar,UI only,"Editor/show-editor-list toggles the right source-list panel, not a persistent unified media browser.",Proposed
M011,S01-11,Preferred,Editor,Cmd+Option+O,Primary-Level4-o,Editor/ToggleSummary,Profile keybinding,Similar,Native unbound,Summary visibility is not evidenced as Live Overview-equivalent.,Proposed
M012,S01-12,Preferred,Editor,Cmd+Option+I,,Editor/toggle-route-io (new),Ardour action patch,Similar,UI only,Existing input/output selectors need ActionManager exposure only.,Proposed
M013,S01-13,Preferred,Mixer,Cmd+Option+S,,Mixer/toggle-selected-bus-sends (new),Ardour action patch,Similar,UI only,Existing bus send display handler needs ActionManager exposure only.,Proposed
M014,S01-14,Preferred,Global,Cmd+Option+M,Primary-Level4-m,Common/key-change-mixer-visibility,Profile keybinding,Similar,Native unbound,Shows or presents the Mixer workspace rather than toggling an inline mixer section.,Proposed
M015,S01-15,Placeholder,,,,,,,,,Needs audit
M016,S01-16,Placeholder,,,,,,,,,Needs audit
M017,S01-17,Placeholder,,,,,,,,,Needs audit
M018,S01-18,Placeholder,,,,,,,,,Needs audit
M019,S01-19,Preferred,Global,Cmd+comma,Primary-comma,Common/menu-show-preferences,Profile keybinding,Similar,Native unbound,Conflicts with Global Common/start-punch-range.,Blocked
M020,S01-20,Current fallback,Global,Escape,Escape,Main/Escape,Profile keybinding,Similar,Profile bound,Main/Escape emits the deselect signal; dialog closing is separately provided by Main/close-current-dialog.,Implemented
M021,S02-01,Placeholder,,,,,,,,,Needs audit
M022,S02-02,Placeholder,,,,,,,,,Needs audit
M023,S02-03,Placeholder,,,,,,,,,Needs audit
M024,S02-04,Placeholder,,,,,,,,,Needs audit
M025,S02-05,Placeholder,,,,,,,,,Needs audit
M026,S02-06,Placeholder,,,,,,,,,Needs audit
M027,S02-07,Placeholder,,,,,,,,,Needs audit
M028,S02-08,Placeholder,,,,,,,,,Needs audit
M029,S02-09,Placeholder,,,,,,,,,Needs audit
M030,S02-10,Placeholder,,,,,,,,,Needs audit
M031,S02-11,Placeholder,,,,,,,,,Needs audit
M032,S02-12,Placeholder,,,,,,,,,Needs audit
M033,S02-13,Placeholder,,,,,,,,,Needs audit
M034,S02-14,Placeholder,,,,,,,,,Needs audit
M035,S03-01,Placeholder,,,,,,,,,Needs audit
M036,S03-02,Placeholder,,,,,,,,,Needs audit
M037,S03-03,Placeholder,,,,,,,,,Needs audit
M038,S03-04,Placeholder,,,,,,,,,Needs audit
M039,S03-05,Placeholder,,,,,,,,,Needs audit
M040,S03-06,Placeholder,,,,,,,,,Needs audit
M041,S03-07,Placeholder,,,,,,,,,Needs audit
M042,S03-08,Placeholder,,,,,,,,,Needs audit
M043,S04-01,Placeholder,,,,,,,,,Needs audit
M044,S04-02,Placeholder,,,,,,,,,Needs audit
M045,S04-03,Placeholder,,,,,,,,,Needs audit
M046,S04-04,Placeholder,,,,,,,,,Needs audit
M047,S04-05,Placeholder,,,,,,,,,Needs audit
M048,S04-06,Placeholder,,,,,,,,,Needs audit
M049,S04-07,Placeholder,,,,,,,,,Needs audit
M050,S04-08,Placeholder,,,,,,,,,Needs audit
M051,S04-09,Placeholder,,,,,,,,,Needs audit
M052,S04-10,Placeholder,,,,,,,,,Needs audit
M053,S04-11,Placeholder,,,,,,,,,Needs audit
M054,S04-12,Placeholder,,,,,,,,,Needs audit
M055,S05-01,Placeholder,,,,,,,,,Needs audit
M056,S05-02,Placeholder,,,,,,,,,Needs audit
M057,S05-03,Placeholder,,,,,,,,,Needs audit
M058,S05-04,Preferred,Mixer,Cmd+D,Primary-d,LuaAction/script-32,Profile Lua,Similar,Profile bound,Static keymap evidence only; duplicate behavior has not been exercised.,Implemented
M059,S05-05,Placeholder,,,,,,,,,Needs audit
M060,S05-06,Placeholder,,,,,,,,,Needs audit
M061,S05-07,Placeholder,,,,,,,,,Needs audit
M062,S05-08,Placeholder,,,,,,,,,Needs audit
M063,S05-09,Placeholder,,,,,,,,,Needs audit
M064,S05-10,Placeholder,,,,,,,,,Needs audit
M065,S05-11,Placeholder,,,,,,,,,Needs audit
M066,S05-12,Placeholder,,,,,,,,,Needs audit
M067,S05-13,Placeholder,,,,,,,,,Needs audit
M068,S05-14,Placeholder,,,,,,,,,Needs audit
M069,S05-15,Placeholder,,,,,,,,,Needs audit
M070,S05-16,Placeholder,,,,,,,,,Needs audit
M071,S06-01,Placeholder,,,,,,,,,Needs audit
M072,S06-02,Placeholder,,,,,,,,,Needs audit
M073,S06-03,Placeholder,,,,,,,,,Needs audit
M074,S06-04,Placeholder,,,,,,,,,Needs audit
M075,S06-05,Placeholder,,,,,,,,,Needs audit
M076,S06-06,Placeholder,,,,,,,,,Needs audit
M077,S06-07,Placeholder,,,,,,,,,Needs audit
M078,S06-08,Placeholder,,,,,,,,,Needs audit
M079,S06-09,Placeholder,,,,,,,,,Needs audit
M080,S07-01,Placeholder,,,,,,,,,Needs audit
M081,S07-02,Placeholder,,,,,,,,,Needs audit
M082,S07-03,Placeholder,,,,,,,,,Needs audit
M083,S07-04,Placeholder,,,,,,,,,Needs audit
M084,S07-05,Placeholder,,,,,,,,,Needs audit
M085,S07-06,Placeholder,,,,,,,,,Needs audit
M086,S08-01,Placeholder,,,,,,,,,Needs audit
M087,S08-02,Placeholder,,,,,,,,,Needs audit
M088,S08-03,Placeholder,,,,,,,,,Needs audit
M089,S08-04,Placeholder,,,,,,,,,Needs audit
M090,S08-05,Placeholder,,,,,,,,,Needs audit
M091,S08-06,Placeholder,,,,,,,,,Needs audit
M092,S08-07,Placeholder,,,,,,,,,Needs audit
M093,S08-08,Placeholder,,,,,,,,,Needs audit
M094,S08-09,Placeholder,,,,,,,,,Needs audit
M095,S08-10,Placeholder,,,,,,,,,Needs audit
M096,S08-11,Placeholder,,,,,,,,,Needs audit
M097,S08-12,Placeholder,,,,,,,,,Needs audit
M098,S09-01,Placeholder,,,,,,,,,Needs audit
M099,S09-02,Placeholder,,,,,,,,,Needs audit
M100,S09-03,Placeholder,,,,,,,,,Needs audit
M101,S09-04,Placeholder,,,,,,,,,Needs audit
M102,S09-05,Placeholder,,,,,,,,,Needs audit
M103,S09-06,Placeholder,,,,,,,,,Needs audit
M104,S09-07,Placeholder,,,,,,,,,Needs audit
M105,S09-08,Placeholder,,,,,,,,,Needs audit
M106,S09-09,Placeholder,,,,,,,,,Needs audit
M107,S09-10,Placeholder,,,,,,,,,Needs audit
M108,S10-01,Placeholder,,,,,,,,,Needs audit
M109,S10-02,Placeholder,,,,,,,,,Needs audit
M110,S10-03,Placeholder,,,,,,,,,Needs audit
M111,S10-04,Placeholder,,,,,,,,,Needs audit
M112,S10-05,Placeholder,,,,,,,,,Needs audit
M113,S11-01,Placeholder,,,,,,,,,Needs audit
M114,S11-02,Placeholder,,,,,,,,,Needs audit
M115,S11-03,Placeholder,,,,,,,,,Needs audit
M116,S11-04,Placeholder,,,,,,,,,Needs audit
M117,S11-05,Placeholder,,,,,,,,,Needs audit
M118,S11-06,Placeholder,,,,,,,,,Needs audit
M119,S11-07,Placeholder,,,,,,,,,Needs audit
M120,S11-08,Placeholder,,,,,,,,,Needs audit
M121,S11-09,Placeholder,,,,,,,,,Needs audit
M122,S11-10,Placeholder,,,,,,,,,Needs audit
M123,S11-11,Placeholder,,,,,,,,,Needs audit
M124,S11-12,Placeholder,,,,,,,,,Needs audit
M125,S11-13,Placeholder,,,,,,,,,Needs audit
M126,S11-14,Placeholder,,,,,,,,,Needs audit
M127,S12-01,Placeholder,,,,,,,,,Needs audit
M128,S12-02,Placeholder,,,,,,,,,Needs audit
M129,S12-03,Placeholder,,,,,,,,,Needs audit
M130,S12-04,Placeholder,,,,,,,,,Needs audit
M131,S12-05,Placeholder,,,,,,,,,Needs audit
M132,S12-06,Placeholder,,,,,,,,,Needs audit
M133,S12-07,Placeholder,,,,,,,,,Needs audit
M134,S12-08,Placeholder,,,,,,,,,Needs audit
M135,S12-09,Placeholder,,,,,,,,,Needs audit
M136,S12-10,Placeholder,,,,,,,,,Needs audit
M137,S12-11,Placeholder,,,,,,,,,Needs audit
M138,S12-12,Preferred,Notes,Cmd+U,Primary-u,Notes/quantize-selected-notes,Profile keybinding,Exact,Profile bound,Static keymap evidence only; MIDI note quantization behavior remains untested.,Implemented
M139,S12-13,Placeholder,,,,,,,,,Needs audit
M140,S12-14,Placeholder,,,,,,,,,Needs audit
M141,S12-15,Placeholder,,,,,,,,,Needs audit
M142,S12-16,Placeholder,,,,,,,,,Needs audit
M143,S12-17,Placeholder,,,,,,,,,Needs audit
M144,S12-18,Placeholder,,,,,,,,,Needs audit
M145,S12-19,Placeholder,,,,,,,,,Needs audit
M146,S12-20,Placeholder,,,,,,,,,Needs audit
M147,S12-21,Placeholder,,,,,,,,,Needs audit
M148,S12-22,Placeholder,,,,,,,,,Needs audit
M149,S12-23,Placeholder,,,,,,,,,Needs audit
M150,S12-24,Placeholder,,,,,,,,,Needs audit
M151,S12-25,Placeholder,,,,,,,,,Needs audit
M152,S12-26,Placeholder,,,,,,,,,Needs audit
M153,S12-27,Placeholder,,,,,,,,,Needs audit
M154,S12-28,Placeholder,,,,,,,,,Needs audit
M155,S12-29,Placeholder,,,,,,,,,Needs audit
M156,S12-30,Placeholder,,,,,,,,,Needs audit
M157,S12-31,Placeholder,,,,,,,,,Needs audit
M158,S12-32,Placeholder,,,,,,,,,Needs audit
M159,S12-33,Placeholder,,,,,,,,,Needs audit
M160,S12-34,Placeholder,,,,,,,,,Needs audit
M161,S12-35,Placeholder,,,,,,,,,Needs audit
M162,S12-36,Placeholder,,,,,,,,,Needs audit
M163,S12-37,Placeholder,,,,,,,,,Needs audit
M164,S12-38,Placeholder,,,,,,,,,Needs audit
M165,S13-01,Placeholder,,,,,,,,,Needs audit
M166,S13-02,Placeholder,,,,,,,,,Needs audit
M167,S13-03,Placeholder,,,,,,,,,Needs audit
M168,S13-04,Placeholder,,,,,,,,,Needs audit
M169,S13-05,Placeholder,,,,,,,,,Needs audit
M170,S13-06,Placeholder,,,,,,,,,Needs audit
M171,S13-07,Placeholder,,,,,,,,,Needs audit
M172,S14-01,Placeholder,,,,,,,,,Needs audit
M173,S14-02,Placeholder,,,,,,,,,Needs audit
M174,S14-03,Placeholder,,,,,,,,,Needs audit
M175,S14-04,Placeholder,,,,,,,,,Needs audit
M176,S14-05,Placeholder,,,,,,,,,Needs audit
M177,S15-01,Placeholder,,,,,,,,,Needs audit
M178,S15-02,Placeholder,,,,,,,,,Needs audit
M179,S15-03,Placeholder,,,,,,,,,Needs audit
M180,S15-04,Placeholder,,,,,,,,,Needs audit
M181,S15-05,Placeholder,,,,,,,,,Needs audit
M182,S15-06,Placeholder,,,,,,,,,Needs audit
M183,S15-07,Placeholder,,,,,,,,,Needs audit
M184,S15-08,Placeholder,,,,,,,,,Needs audit
M185,S15-09,Placeholder,,,,,,,,,Needs audit
M186,S15-10,Placeholder,,,,,,,,,Needs audit
M187,S15-11,Placeholder,,,,,,,,,Needs audit
M188,S15-12,Placeholder,,,,,,,,,Needs audit
M189,S15-13,Placeholder,,,,,,,,,Needs audit
M190,S15-14,Placeholder,,,,,,,,,Needs audit
M191,S15-15,Placeholder,,,,,,,,,Needs audit
M192,S15-16,Placeholder,,,,,,,,,Needs audit
M193,S15-17,Placeholder,,,,,,,,,Needs audit
M194,S15-18,Placeholder,,,,,,,,,Needs audit
M195,S15-19,Placeholder,,,,,,,,,Needs audit
M196,S15-20,Placeholder,,,,,,,,,Needs audit
M197,S15-21,Placeholder,,,,,,,,,Needs audit
M198,S15-22,Placeholder,,,,,,,,,Needs audit
M199,S15-23,Placeholder,,,,,,,,,Needs audit
M200,S16-01,Preferred,Editor,Cmd+E,Primary-e,Editor/split-region,Profile keybinding,Exact,Profile bound,Static keymap evidence only; split behavior at the arrangement selection remains untested.,Implemented
M201,S16-02,Preferred,Editor,Cmd+J,Primary-j,Editor/editor-consolidate,Profile keybinding,Exact,Profile bound,Static keymap evidence only; consolidation behavior for the arrangement selection remains untested.,Implemented
M202,S16-03,Placeholder,,,,,,,,,Needs audit
M203,S16-04,Placeholder,,,,,,,,,Needs audit
M204,S16-05,Placeholder,,,,,,,,,Needs audit
M205,S16-06,Placeholder,,,,,,,,,Needs audit
M206,S16-07,Placeholder,,,,,,,,,Needs audit
M207,S16-08,Placeholder,,,,,,,,,Needs audit
M208,S16-09,Placeholder,,,,,,,,,Needs audit
M209,S16-10,Placeholder,,,,,,,,,Needs audit
M210,S16-11,Preferred,Global,Cmd+L,Primary-l,LuaAction/script-31,Profile Lua,Similar,Profile bound,Static keymap evidence only; loop-brace behavior requires an Editor selection and remains untested.,Implemented
M211,S16-12,Placeholder,,,,,,,,,Needs audit
M212,S16-13,Placeholder,,,,,,,,,Needs audit
M213,S16-14,Placeholder,,,,,,,,,Needs audit
M214,S16-15,Placeholder,,,,,,,,,Needs audit
M215,S16-16,Placeholder,,,,,,,,,Needs audit
M216,S16-17,Placeholder,,,,,,,,,Needs audit
M217,S16-18,Placeholder,,,,,,,,,Needs audit
M218,S16-19,Placeholder,,,,,,,,,Needs audit
M219,S16-20,Placeholder,,,,,,,,,Needs audit
M220,S16-21,Placeholder,,,,,,,,,Needs audit
M221,S16-22,Placeholder,,,,,,,,,Needs audit
M222,S16-23,Placeholder,,,,,,,,,Needs audit
M223,S16-24,Placeholder,,,,,,,,,Needs audit
M224,S16-25,Placeholder,,,,,,,,,Needs audit
M225,S16-26,Placeholder,,,,,,,,,Needs audit
M226,S16-27,Placeholder,,,,,,,,,Needs audit
M227,S16-28,Placeholder,,,,,,,,,Needs audit
M228,S16-29,Placeholder,,,,,,,,,Needs audit
M229,S16-30,Placeholder,,,,,,,,,Needs audit
M230,S16-31,Placeholder,,,,,,,,,Needs audit
M231,S16-32,Placeholder,,,,,,,,,Needs audit
M232,S16-33,Placeholder,,,,,,,,,Needs audit
M233,S16-34,Placeholder,,,,,,,,,Needs audit
M234,S16-35,Placeholder,,,,,,,,,Needs audit
M235,S17-01,Preferred,Editor,Cmd+Option+U,Primary-Level4-u,Editor/show-plist-selector,Profile keybinding,Similar,Profile bound,Static keymap evidence only; plist selector behavior is not a verified take-lane workflow.,Implemented
M236,S17-02,Placeholder,,,,,,,,,Needs audit
M237,S17-03,Placeholder,,,,,,,,,Needs audit
M238,S17-04,Placeholder,,,,,,,,,Needs audit
M239,S17-05,Placeholder,,,,,,,,,Needs audit
M240,S17-06,Placeholder,,,,,,,,,Needs audit
M241,S18-01,Placeholder,,,,,,,,,Needs audit
M242,S18-02,Placeholder,,,,,,,,,Needs audit
M243,S19-01,Preferred,Global,Cmd+T,Primary-t,LuaAction/script-28,Profile Lua,Exact,Profile bound,E2E verifies that the profile Lua action creates one audio track.,Implemented
M244,S19-02,Preferred,Global,Cmd+Shift+T,Primary-Tertiary-t,LuaAction/script-29,Profile Lua,Exact,Profile bound,E2E verifies that the profile Lua action creates one MIDI track.,Implemented
M245,S19-03,Preferred,Global,Cmd+Option+T,Primary-Level4-t,LuaAction/script-30,Profile Lua,Similar,Profile bound,Static keymap evidence only; return-track creation behavior has not been exercised.,Implemented
M246,S19-04,Placeholder,,,,,,,,,Needs audit
M247,S19-05,Placeholder,,,,,,,,,Needs audit
M248,S19-06,Placeholder,,,,,,,,,Needs audit
M249,S19-07,Placeholder,,,,,,,,,Needs audit
M250,S19-08,Placeholder,,,,,,,,,Needs audit
M251,S19-09,Placeholder,,,,,,,,,Needs audit
M252,S19-10,Placeholder,,,,,,,,,Needs audit
M253,S19-11,Placeholder,,,,,,,,,Needs audit
M254,S19-12,Placeholder,,,,,,,,,Needs audit
M255,S19-13,Preferred,Editor,c,c,Editor/track-record-enable-toggle,Profile keybinding,Exact,Profile bound,Static keymap evidence only; selected-track arming behavior remains untested.,Implemented
M256,S19-14,Preferred,Editor,s,s,Editor/track-solo-toggle,Profile keybinding,Exact,Profile bound,Static keymap evidence only; selected-track solo behavior remains untested.,Implemented
M257,S19-15,Placeholder,,,,,,,,,Needs audit
M258,S19-16,Placeholder,,,,,,,,,Needs audit
M259,S19-17,Placeholder,,,,,,,,,Needs audit
M260,S19-18,Placeholder,,,,,,,,,Needs audit
M261,S20-01,Placeholder,,,,,,,,,Needs audit
M262,S20-02,Placeholder,,,,,,,,,Needs audit
M263,S20-03,Placeholder,,,,,,,,,Needs audit
M264,S20-04,Placeholder,,,,,,,,,Needs audit
M265,S20-05,Placeholder,,,,,,,,,Needs audit
M266,S20-06,Preferred,Global,F9,F9,Transport/record-roll,Profile keybinding,Similar,Profile bound,E2E verifies a record-roll request; this differs from Ableton Record behavior.,Implemented
M267,S20-07,Placeholder,,,,,,,,,Needs audit
M268,S20-08,Placeholder,,,,,,,,,Needs audit
M269,S20-09,Placeholder,,,,,,,,,Needs audit
M270,S20-10,Placeholder,,,,,,,,,Needs audit
M271,S20-11,Placeholder,,,,,,,,,Needs audit
M272,S20-12,Placeholder,,,,,,,,,Needs audit
M273,S20-13,Placeholder,,,,,,,,,Needs audit
M274,S20-14,Placeholder,,,,,,,,,Needs audit
M275,S20-15,Placeholder,,,,,,,,,Needs audit
M276,S20-16,Placeholder,,,,,,,,,Needs audit
M277,S20-17,Placeholder,,,,,,,,,Needs audit
M278,S20-18,Placeholder,,,,,,,,,Needs audit
M279,S21-01,Placeholder,,,,,,,,,Needs audit
M280,S22-01,Placeholder,,,,,,,,,Needs audit
M281,S22-02,Placeholder,,,,,,,,,Needs audit
M282,S22-03,Placeholder,,,,,,,,,Needs audit
M283,S22-04,Placeholder,,,,,,,,,Needs audit
M284,S22-05,Placeholder,,,,,,,,,Needs audit
M285,S22-06,Placeholder,,,,,,,,,Needs audit
M286,S22-07,Placeholder,,,,,,,,,Needs audit
M287,S22-08,Placeholder,,,,,,,,,Needs audit
M288,S22-09,Placeholder,,,,,,,,,Needs audit
M289,S22-10,Placeholder,,,,,,,,,Needs audit
M290,S22-11,Placeholder,,,,,,,,,Needs audit
M291,S22-12,Placeholder,,,,,,,,,Needs audit
M292,S22-13,Placeholder,,,,,,,,,Needs audit
M293,S22-14,Placeholder,,,,,,,,,Needs audit
M294,S22-15,Placeholder,,,,,,,,,Needs audit
M295,S22-16,Placeholder,,,,,,,,,Needs audit
M296,S22-17,Placeholder,,,,,,,,,Needs audit
M297,S22-18,Placeholder,,,,,,,,,Needs audit
M298,S22-19,Placeholder,,,,,,,,,Needs audit
M299,S23-01,Placeholder,,,,,,,,,Needs audit
M300,S23-02,Placeholder,,,,,,,,,Needs audit
M301,S23-03,Placeholder,,,,,,,,,Needs audit
M302,S23-04,Placeholder,,,,,,,,,Needs audit
M303,S23-05,Placeholder,,,,,,,,,Needs audit
M304,S24-01,Placeholder,,,,,,,,,Needs audit
M305,S24-02,Placeholder,,,,,,,,,Needs audit
M306,S24-03,Placeholder,,,,,,,,,Needs audit
M307,S24-04,Placeholder,,,,,,,,,Needs audit
M308,S24-05,Placeholder,,,,,,,,,Needs audit
M309,S24-06,Placeholder,,,,,,,,,Needs audit
M310,S25-01,Placeholder,,,,,,,,,Needs audit
M311,S25-02,Placeholder,,,,,,,,,Needs audit
M312,S25-03,Placeholder,,,,,,,,,Needs audit
M313,S25-04,Placeholder,,,,,,,,,Needs audit
M314,S25-05,Placeholder,,,,,,,,,Needs audit
M315,S25-06,Placeholder,,,,,,,,,Needs audit
M316,S25-07,Placeholder,,,,,,,,,Needs audit
M317,S25-08,Placeholder,,,,,,,,,Needs audit
M318,S25-09,Placeholder,,,,,,,,,Needs audit
M319,S25-10,Placeholder,,,,,,,,,Needs audit
M320,S25-11,Placeholder,,,,,,,,,Needs audit
M321,S25-12,Placeholder,,,,,,,,,Needs audit
M322,S25-13,Placeholder,,,,,,,,,Needs audit
M323,S26-01,Placeholder,,,,,,,,,Needs audit
M324,S26-02,Placeholder,,,,,,,,,Needs audit
M325,S26-03,Placeholder,,,,,,,,,Needs audit
M326,S26-04,Placeholder,,,,,,,,,Needs audit
M327,S26-05,Placeholder,,,,,,,,,Needs audit
M328,S26-06,Placeholder,,,,,,,,,Needs audit
M329,S26-07,Placeholder,,,,,,,,,Needs audit
M330,S26-08,Placeholder,,,,,,,,,Needs audit
M331,S26-09,Placeholder,,,,,,,,,Needs audit
M332,S26-10,Placeholder,,,,,,,,,Needs audit
M333,S26-11,Placeholder,,,,,,,,,Needs audit
M334,S26-12,Placeholder,,,,,,,,,Needs audit
M335,S28-01,Placeholder,,,,,,,,,Needs audit
M336,S28-02,Placeholder,,,,,,,,,Needs audit
M337,S28-03,Placeholder,,,,,,,,,Needs audit
M338,S29-01,Placeholder,,,,,,,,,Needs audit
M339,S29-02,Placeholder,,,,,,,,,Needs audit
M340,S01-02,Preferred,Global,Cmd+Shift+W,Primary-Tertiary-w,Common/toggle-second-window (new),Ardour action patch,Similar,UI only,Needs a state-aware toggle that attaches or detaches and hides or shows the selected second window.,Proposed
