id,action,live_windows,live_macos,proposed_windows,proposed_macos,ardour_action_target,context,mapping_class,conflict_note,source_url,status
K01,Toggle Arrangement / Session,Tab,Tab,Tab,Tab,Toggle Editor / Cue Grid,Global except text/dialog focus,Exact,Requires a single toggle action or paired context-aware actions.,https://www.ableton.com/en/live-manual/12/live-keyboard-shortcuts/,Proposed
K02,Toggle Clip / Devices,Shift+Tab / F12,Shift+Tab / F12,Shift+Tab,Shift+Tab,Toggle lower pane mode,Editor and Cue workspaces,Source change,Needs deterministic bottom-pane mode switching and focus behavior.,https://www.ableton.com/en/live-manual/12/live-keyboard-shortcuts/,Proposed
K03,Insert audio track,Ctrl+T,Cmd+T,Ctrl+T,Cmd+T,Add one stereo audio track,Timeline / grid,Exact,Lua helper may bypass Ardour's general add-track dialog.,https://www.ableton.com/en/live-manual/12/live-keyboard-shortcuts/,Proposed
K04,Insert MIDI track,Ctrl+Shift+T,Cmd+Shift+T,Ctrl+Shift+T,Cmd+Shift+T,Add one MIDI track,Timeline / grid,Exact,Respect profile preference for default instrument.,https://www.ableton.com/en/live-manual/12/live-keyboard-shortcuts/,Proposed
K05,Insert return / effect bus,Ctrl+Alt+T,Cmd+Option+T,Ctrl+Alt+T,Cmd+Option+T,Create stereo bus and aux sends,Timeline / mixer,Lua,Return Track maps to an Ardour bus convention.,https://www.ableton.com/en/live-manual/12/live-keyboard-shortcuts/,Proposed
K06,Rename selected track,Ctrl+R,Cmd+R,Ctrl+R,Cmd+R,Rename focused object,Track/region/processor context,Source change,Tab during inline rename must advance rather than switch workspace.,https://www.ableton.com/en/live-manual/12/live-keyboard-shortcuts/,Proposed
K07,Duplicate selection,Ctrl+D,Cmd+D,Ctrl+D,Cmd+D,Duplicate focused region/range/track,Contextual,Exact,Track duplication uses Lua; region/range duplication is native.,https://www.ableton.com/en/live-manual/12/live-keyboard-shortcuts/,Proposed
K08,Group selection,Ctrl+G,Cmd+G,Ctrl+G,Cmd+G,Create route group / region group,Contextual,Similar,Default track behavior should not silently create a subgroup bus.,https://www.ableton.com/en/live-manual/12/live-keyboard-shortcuts/,Proposed
K09,Ungroup selection,Ctrl+Shift+G,Cmd+Shift+G,Ctrl+Shift+G,Cmd+Shift+G,Remove route/region group,Contextual,Similar,Must mirror the group type created in the current context.,https://www.ableton.com/en/live-manual/12/live-keyboard-shortcuts/,Proposed
K10,Deactivate focused object,0,0,0,0,Mute region/track or bypass processor,Contextual,Similar,One key maps to different reversible inactive states.,https://www.ableton.com/en/live-manual/12/live-keyboard-shortcuts/,Proposed
K11,Play / stop,Space,Space,Space,Space,Start/Stop,Global except text entry,Exact,Already aligned with common Ardour behavior.,https://www.ableton.com/en/live-manual/12/live-keyboard-shortcuts/,Proposed
K12,Continue play from stop point,Shift+Space,Shift+Space,Shift+Space,Shift+Space,Start/Continue/Stop variant,Global,Similar,Confirm exact Ardour transport action and return behavior.,https://www.ableton.com/en/live-manual/12/live-keyboard-shortcuts/,Proposed
K13,Record,F9,F9,F9,F9,Global record / context record,Global,Similar,Cue recording and Arrangement recording may require context routing.,https://www.ableton.com/en/live-manual/12/live-keyboard-shortcuts/,Proposed
K14,Search browser,Ctrl+F,Cmd+F,Ctrl+F,Cmd+F,Focus unified browser search,Workspace,Source change,Falls back to Plugin Selector search before unified browser exists.,https://www.ableton.com/en/live-manual/12/live-keyboard-shortcuts/,Proposed
K15,Undo,Ctrl+Z,Cmd+Z,Ctrl+Z,Cmd+Z,Undo,Global,Exact,Preserve Ardour capture-specific undo semantics.,https://www.ableton.com/en/live-manual/12/live-keyboard-shortcuts/,Proposed
K16,Redo,Ctrl+Shift+Z,Cmd+Shift+Z,Ctrl+Shift+Z,Cmd+Shift+Z,Redo,Global,Exact,Resolve any platform conflict with Ardour alternate redo bindings.,https://www.ableton.com/en/live-manual/12/live-keyboard-shortcuts/,Proposed
K17,Split clip,Ctrl+E,Cmd+E,Ctrl+E,Cmd+E,Split at edit point,Editor,Exact,Profile should default edit point to playhead/selection.,https://www.ableton.com/en/live-manual/12/live-keyboard-shortcuts/,Proposed
K18,Consolidate selection,Ctrl+J,Cmd+J,Ctrl+J,Cmd+J,Consolidate Range,Editor,Exact,Must not print track processing by default.,https://www.ableton.com/en/live-manual/12/live-keyboard-shortcuts/,Proposed
K19,Set/toggle loop,Ctrl+L,Cmd+L,Ctrl+L,Cmd+L,Set loop from selection / toggle loop,Editor,Lua,One action needs state-aware behavior.,https://www.ableton.com/en/live-manual/12/live-keyboard-shortcuts/,Proposed
K20,Quantize,Ctrl+U,Cmd+U,Ctrl+U,Cmd+U,Apply MIDI Tools quantize,MIDI editor,Exact,Uses current visible quantize settings.,https://www.ableton.com/en/live-manual/12/live-keyboard-shortcuts/,Proposed
K21,Quantize settings,Ctrl+Shift+U,Cmd+Shift+U,Ctrl+Shift+U,Cmd+Shift+U,Focus MIDI Tools quantize panel,MIDI editor,Similar,Ardour 9.7 uses the MIDI Tools sidebar instead of a separate dialog.,https://www.ableton.com/en/live-manual/12/live-keyboard-shortcuts/,Proposed
K22,Draw mode,B,B,B,B,Toggle Draw/Edit mode,Editor / pianoroll,Similar,B may conflict with Ardour window shortcuts in some contexts.,https://www.ableton.com/en/live-manual/12/live-keyboard-shortcuts/,Proposed
K23,Automation mode,A,A,A,A,Show/hide selected-track automation,Editor,Similar,Ardour lane model differs from Live's global Automation Mode.,https://www.ableton.com/en/live-manual/12/live-keyboard-shortcuts/,Proposed
K24,Computer MIDI keyboard,M,M,M,M,Toggle virtual keyboard,Global,Similar,Ardour may open a virtual keyboard rather than convert letter keys inline.,https://www.ableton.com/en/live-manual/12/live-keyboard-shortcuts/,Needs validation
K25,Hot-swap selected device,Q,Q,Q,Q,Focus replacement browser for processor,Processor / browser,Source change,Preset browsing can ship first; true hot-swap needs unified browser state.,https://www.ableton.com/en/live-manual/12/live-keyboard-shortcuts/,Proposed
K26,Zoom to selection,Z,Z,Z,Z,Zoom to selection,Editor / clip editor,Similar,Should push the previous zoom state.,https://www.ableton.com/en/live-manual/12/live-keyboard-shortcuts/,Proposed
K27,Return to previous zoom,X,X,X,X,Pop previous zoom,Editor / clip editor,Lua,Needs per-window zoom history if no suitable native action exists.,https://www.ableton.com/en/live-manual/12/live-keyboard-shortcuts/,Proposed
K28,Arm selected tracks,C,C,C,C,Toggle record enable selection,Track context,Exact,Must not intercept text entry.,https://www.ableton.com/en/live-manual/12/live-keyboard-shortcuts/,Proposed
K29,Solo selected tracks,S,S,S,S,Toggle solo selection,Track context,Exact,Conflicts with Ardour default Split; profile documentation must be obvious.,https://www.ableton.com/en/live-manual/12/live-keyboard-shortcuts/,Proposed
K30,Show take lanes / comping workspace,Ctrl+Alt+U,Cmd+Option+U,Ctrl+Alt+U,Cmd+Option+U,Show playlists/layers comping workspace,Track context,Similar,Requires a defined playlist/layer presentation and may later become a Ardour source change.,https://www.ableton.com/en/live-manual/12/live-keyboard-shortcuts/,Proposed
