Live term,Ardour canonical term,Profile label / alias,Migration guidance,Equivalence,Priority,Live source,Ardour source
Live Set,Session,Session,Direct conceptual mapping; Ardour also offers snapshots for versions.,Exact,P0,https://www.ableton.com/en/live-manual/12/live-concepts/,https://manual.ardour.org/ardours-interface/about/
Arrangement View,Editor,Arrangement · Editor,Use Arrangement as the prominent profile label and Editor in help/tooltips.,Similar,P0,https://www.ableton.com/en/live-manual/12/arrangement-view/,https://manual.ardour.org/ardours-interface/about/
Session View,Cue Grid,Session · Cues,Use Session as the migration alias; teach Cue as Ardour's canonical term.,Similar,P0,https://www.ableton.com/en/live-manual/12/session-view/,https://manual.ardour.org/cue/cue-window-elements/
Clip,Region (timeline) / Clip in Cue,Clip / Region,A timeline clip maps to an Ardour region; a launchable clip maps to a Cue clip/trigger slot.,Contextual,P0,https://www.ableton.com/en/live-manual/12/live-concepts/,https://manual.ardour.org/working-with-regions/
Scene,Cue,Scene / Cue,Rows of simultaneously launched clips map directly to Ardour cues.,Similar,P0,https://www.ableton.com/en/live-manual/12/session-view/,https://manual.ardour.org/cue/cue-window-elements/
Device,Processor / Plugin,Device / Processor,Use Device in the profile chrome and Processor in advanced routing documentation.,Similar,P0,https://www.ableton.com/en/live-manual/12/working-with-instruments-and-effects/,https://manual.ardour.org/working-with-plugins/processor-box/
Device Chain,Processor Box,Devices,Processor order is signal order; Ardour additionally exposes the fader within that chain.,Similar,P0,https://www.ableton.com/en/live-manual/12/working-with-instruments-and-effects/,https://manual.ardour.org/working-with-plugins/processor-box/
Return Track,Audio Bus with aux sends,Return / Bus,"A return is a configured Ardour bus, not a distinct engine object.",Similar,P0,https://www.ableton.com/en/live-manual/12/mixing/,https://manual.ardour.org/ardours-interface/busses-mixer-strips/
Main Track,Master Bus,Master,Direct destination mapping for the default stereo mix.,Exact,P0,https://www.ableton.com/en/live-manual/12/mixing/,https://manual.ardour.org/ardours-interface/busses-mixer-strips/
Browser,"Editor/Cue Lists, Clips, Favorites, Plugin Selector",Browser,The profile combines several Ardour sources; advanced views retain native names.,Patch needed,P0,https://www.ableton.com/en/live-manual/12/live-concepts/,https://manual.ardour.org/working-with-plugins/plugin-selector/
Track Group,Route Group / Subgroup Bus / VCA,Group,"Ardour separates control grouping, signal subgrouping and VCA control.",Different model,P1,https://www.ableton.com/en/live-manual/12/mixing/,https://manual.ardour.org/signal-routing/subgrouping/
Take Lane,Playlist / Layer,Take,"Comparable use case, different data model and visual workflow.",Different model,P1,https://www.ableton.com/en/live-manual/11/comping/,https://manual.ardour.org/ardourmanual.html
Clip View,Region/Cue editor in bottom pane,Clip,The active clip editor can be normalized through the profile's lower pane.,Similar,P0,https://www.ableton.com/en/manual/clip-view/,https://manual.ardour.org/ardours-interface/bottom-pane/
Device View,Processor/plugin bottom pane,Devices,Needs stable horizontal chain presentation for muscle memory.,Patch needed,P0,https://www.ableton.com/en/live-manual/12/working-with-instruments-and-effects/,https://manual.ardour.org/ardours-interface/bottom-pane/
Warp Marker,No direct equivalent,Warp timing,Whole-region stretch and Cue tempo sync are available; local marker parity is absent.,Not equivalent,P0,https://www.ableton.com/en/live-manual/12/audio-clips-tempo-and-warping/,https://manual.ardour.org/editing/editing-regions-and-selections/stretching/
Consolidate,Consolidate Range,Consolidate,Direct editing concept; distinguish from Bounce with Processing.,Exact,P0,https://www.ableton.com/en/live-manual/12/live-keyboard-shortcuts/,https://manual.ardour.org/ardours-interface/main-menu/Edit-menu/
Freeze / Flatten,Bounce with Processing / freeze workflow,Bounce / Freeze,Do not claim full parity until reversible whole-track behavior is validated.,Partial,P1,https://www.ableton.com/en/live-manual/12/live-keyboard-shortcuts/,https://manual.ardour.org/exporting/bouncing-regions/
Automation Arm,Automation state: Touch/Write/Latch,Automation Arm,Profile macro should default to Touch for safety.,Different model,P1,https://www.ableton.com/en/manual/automation-and-editing-envelopes/,https://manual.ardour.org/mixing/automation/automation-states/
Launch Quantization,Launch Quantize,Launch Quantization,Direct mapping for Cue trigger slots.,Exact,P0,https://www.ableton.com/en/live-manual/12/session-view/,https://manual.ardour.org/cue/setting-up-cues/clip-launch-options/
Follow Action,Follow Action,Follow Action,Ardour supports next/previous/jump/repeat plus probability.,Exact,P1,https://www.ableton.com/en/live-manual/12/session-view/,https://manual.ardour.org/cue/setting-up-cues/clip-follow-actions/
Back to Arrangement,No direct one-button semantic equivalent,Return to Arrangement,Cue/timeline coexistence differs; explain before assigning a familiar icon.,Not equivalent,P1,https://www.ableton.com/en/live-manual/12/session-view/,https://manual.ardour.org/cue/mixing-linear-nonlinear-workflows/
Collection,Favorite / tag / custom Clips folder,Collection,Map colored collections to favorites/tags only after unified browser exists.,Partial,P2,https://www.ableton.com/en/live-manual/12/live-concepts/,https://manual.ardour.org/working-with-plugins/plugin-selector/
Hot-Swap,Plugin Selector / preset browsing,Replace,Preset loading is available; context-preserving replacement audition needs work.,Partial,P2,https://www.ableton.com/en/live-manual/12/working-with-instruments-and-effects/,https://manual.ardour.org/working-with-plugins/plugin-selector/
Rack,Processor chain plus template,Chain / Rack,Track templates can reproduce chains; macro and nested-rack semantics are not assumed.,Partial,P2,https://www.ableton.com/en/live-manual/12/live-concepts/,https://manual.ardour.org/working-with-tracks/track-templates/
Arrangement Record,Cue-performance capture gap,Capture Performance,Requires a new editable event/commit workflow rather than a terminology alias.,Patch needed,P0,https://www.ableton.com/en/live-manual/12/session-view/,https://manual.ardour.org/cue/mixing-linear-nonlinear-workflows/
