id,domain,ableton_user_goal,live_behavior,ardour_native_capability,proposed_migration_behavior,live_source,ardour_source,mapping_class,implementation_layer,priority,gap_severity,acceptance_criterion,risk_note,status
W01,Navigation,Switch between linear arrangement and clip-launching grid,Press Tab to toggle Arrangement and Session View.,Editor and Cue Grid are separate modes with menu actions and customizable shortcuts.,Bind Tab to a reversible Editor/Cue toggle; label the profile surfaces Arrangement and Session while retaining Ardour names in help.,https://www.ableton.com/en/live-manual/12/live-keyboard-shortcuts/,https://manual.ardour.org/ardours-interface/about/,Exact,Pack keymap,P0,Low,"From either workspace, one Tab press opens the other and preserves selection and transport.",Must not interfere with Tab-based focus navigation in text fields or dialogs.,Specified
W02,Navigation,Switch the lower panel between clip editing and devices,Press Shift+Tab or F12 to switch Clip and Device View.,"The bottom pane can show MIDI/audio clip editing or generic plugin UI, but its switching model differs.",Provide Shift+Tab as a deterministic Clip/Devices toggle and remember the last subview per workspace.,https://www.ableton.com/en/live-manual/12/live-keyboard-shortcuts/,https://manual.ardour.org/ardours-interface/bottom-pane/,Source change,Ardour source change,P0,High,Shift+Tab always switches between selected clip content and selected track processors without opening a modal.,Requires a stable bottom-pane mode API and focus rules.,Specified
W03,Navigation,"Open, search and close one unified content browser","Use the left Browser for instruments, effects, plug-ins, clips, samples and places; Ctrl/Cmd+F searches.","Ardour divides content among Editor/Cue lists, Clips, Sources, Regions, Favorite Plugins and Plugin Selector.",Present a unified left browser facade with categories backed by existing Ardour sources; Ctrl/Cmd+F focuses its search.,https://www.ableton.com/en/live-manual/12/live-concepts/,https://manual.ardour.org/working-with-plugins/plugin-selector/,Source change,Ardour source change,P0,High,"One search locates a plug-in, preset or clip and Enter/drag inserts it in the valid target.",Core migration blocker: fragmented discovery currently breaks Live browser muscle memory.,Specified
W04,Navigation,Navigate primary work areas entirely from the keyboard,"Use focus shortcuts and predictable Tab navigation among Control Bar, Session, Arrangement, Clip, Device and Browser.",Ardour has contextual keybindings but no Live-equivalent focus map across these exact surfaces.,Add a workspace focus model with Alt/Option+number targets and visible focus indication.,https://www.ableton.com/en/live-manual/12/live-keyboard-shortcuts/,https://manual.ardour.org/default-keyboard-bindings/,Source change,Ardour source change,P1,High,"A keyboard-only user can focus Browser, timeline/grid, lower pane and transport and operate the focused control.",Must coexist with accessibility APIs and platform menu conventions.,Specified
W05,Navigation,Use a second display for another production view,Toggle Live's second window and place Arrangement/Session or detail views there.,"Editor, Mixer, Recorder and Cue Grid can be detached and shown simultaneously.",Map the Live shortcut to a saved two-window workspace profile; retain Ardour's detachable-window model.,https://www.ableton.com/en/live-manual/12/live-keyboard-shortcuts/,https://manual.ardour.org/ardours-interface/about/,Similar,Pack keymap + layout,P2,Low,The shortcut opens the configured secondary view on the previous display and a second press hides it.,Window-manager behavior varies by platform.,Specified
W06,Navigation,Have the detail editor follow the current selection,Clip View follows the selected audio or MIDI clip; Device View follows the selected track.,Ardour's bottom pane and processor views are selection-aware but use different presentation and persistence rules.,Normalize selection-follow behavior and add a pin control for users who do not want launched clips to steal focus.,https://www.ableton.com/en/manual/clip-view/,https://manual.ardour.org/ardours-interface/bottom-pane/,Similar,Pack preferences,P1,Medium,"Selecting an audio region, MIDI region or track shows the expected editor or processor view without surprising focus changes.",Cue launching and selection must be independently configurable.,Specified
W07,Session,Start a new production session quickly,Create a new Live Set with familiar default tracks and routing.,Ardour creates sessions through its New Session dialog and supports factory/user templates.,"Make a Beat Production template the default profile choice with audio, MIDI, two effect buses and Master.",https://www.ableton.com/en/live-manual/12/live-keyboard-shortcuts/,https://manual.ardour.org/working-with-sessions/session-templates/,Exact,Pack template,P0,Low,"A new session opens with the documented tracks, musical time, grid, buses and monitoring in under three user actions.",Do not silently replace the user's chosen audio backend or I/O device.,Specified
W08,Session,"Open, save and save a version under another name","Use Ctrl/Cmd+O, Ctrl/Cmd+S and Ctrl/Cmd+Shift+S.","Ardour provides New, Open, Save, Save As and snapshot/version operations.",Use Live-compatible file shortcuts while teaching Ardour snapshots as an additional versioning feature.,https://www.ableton.com/en/live-manual/12/live-keyboard-shortcuts/,https://manual.ardour.org/ardours-interface/main-menu/Session-menu/,Exact,Pack keymap,P0,Low,"Open, Save and Save As use expected shortcuts and never overwrite an unrelated session.",Clarify Session versus snapshot terminology during onboarding.,Specified
W09,Session,Reuse a trusted production setup,Save and reuse a default Set or track/device configuration.,"Session templates store tracks, buses, plugins and I/O; track templates store whole track state.",Ship production templates and expose Save as Template in the migration tour and command search.,https://www.ableton.com/en/live-manual/12/live-concepts/,https://manual.ardour.org/working-with-sessions/session-templates/,Exact,Pack templates,P1,Low,A user can save a configured session as a template and create an equivalent new session from it.,Templates containing third-party plugins need missing-plugin handling.,Specified
W10,Session,Import audio or MIDI by dragging it into the project,Drag browser or desktop files to Session/Arrangement tracks; Live creates or populates tracks as appropriate.,"Ardour imports audio/MIDI through the dialog or drag/drop to tracks, Region List or empty editor space.","Preserve drag/drop insertion and teach where clips, regions and new tracks are created; add browser insertion affordances.",https://www.ableton.com/en/live-manual/12/live-concepts/,https://manual.ardour.org/adding-pre-existing-material/,Exact,Pack onboarding,P0,Low,Dragging WAV or MIDI from the browser to an empty timeline area creates a usable track at the drop position.,Channel mapping and copy-versus-link choices should remain explicit but not interrupt common cases.,Specified
W11,Tracks & Mixer,Create an audio track,Ctrl/Cmd+T inserts an audio track.,Ardour can add audio tracks through Add Track/Bus/VCA and a keybinding.,Bind Ctrl/Cmd+T directly to add one stereo audio track after the selection; expose alternate configurations in a follow-up dialog/action.,https://www.ableton.com/en/live-manual/12/live-keyboard-shortcuts/,https://manual.ardour.org/working-with-tracks/adding-tracks-and-busses/,Exact,Pack keymap + Lua,P0,Low,Shortcut creates one stereo audio track after the selected track and focuses its name.,Ardour's general add dialog may require a small Lua action for one-step behavior.,Specified
W12,Tracks & Mixer,Create a MIDI track,Ctrl/Cmd+Shift+T inserts a MIDI track.,Ardour can add MIDI tracks and choose an instrument during creation.,"Bind the Live shortcut to create one MIDI track, using the profile's default preview instrument or no instrument by preference.",https://www.ableton.com/en/live-manual/12/live-keyboard-shortcuts/,https://manual.ardour.org/working-with-tracks/adding-tracks-and-busses/,Exact,Pack keymap + Lua,P0,Low,Shortcut creates one MIDI track and the track can immediately record or accept a MIDI region.,Never require a proprietary instrument; default must be replaceable.,Specified
W13,Tracks & Mixer,Create a return/effect channel,Ctrl/Cmd+Alt+T inserts a Return Track.,Ardour uses audio buses with aux sends for shared effects.,"Bind the shortcut to create a stereo effect bus, add aux sends from selected tracks and name it sequentially A, B, C.",https://www.ableton.com/en/live-manual/12/live-keyboard-shortcuts/,https://manual.ardour.org/ardours-interface/busses-mixer-strips/,Similar,Pack Lua + template,P0,Medium,Shortcut creates a stereo bus routed to Master and makes a usable send available from selected tracks.,A return is a workflow convention over Ardour's more general routing model.,Specified
W14,Tracks & Mixer,Rename tracks quickly in sequence,Ctrl/Cmd+R renames; Tab advances to the next track.,Ardour supports track naming and keyboard customization but sequencing behavior differs.,Bind rename and implement Tab/Shift+Tab traversal while the inline name editor is active.,https://www.ableton.com/en/live-manual/12/live-keyboard-shortcuts/,https://manual.ardour.org/default-keyboard-bindings/,Source change,Ardour source change,P1,Medium,Rename begins inline and Tab commits and advances without triggering workspace switching.,Requires context-sensitive Tab behavior.,Specified
W15,Tracks & Mixer,Duplicate a complete track,Ctrl/Cmd+D duplicates selected tracks and their devices/clips.,"Ardour can create templates/copies, but exact one-step duplication semantics are not surfaced like Live.",Add a Lua action that duplicates route configuration and optionally playlist content with an explicit default.,https://www.ableton.com/en/live-manual/12/live-keyboard-shortcuts/,https://manual.ardour.org/lua-scripting/,Lua,Pack Lua,P1,Medium,The shortcut creates one adjacent track with matching routing/processors and the documented playlist-copy policy.,Must define shared versus independent playlists to avoid destructive surprises.,Specified
W16,Tracks & Mixer,Group and ungroup tracks,Ctrl/Cmd+G creates a Group Track; Ctrl/Cmd+Shift+G removes it.,"Ardour has route groups, subgroup buses and VCAs, which separate control grouping from signal grouping.",Default to a visual route group; offer Create Subgroup Bus as a distinct command in the contextual menu.,https://www.ableton.com/en/live-manual/12/live-keyboard-shortcuts/,https://manual.ardour.org/signal-routing/subgrouping/,Similar,Pack keymap + onboarding,P1,Medium,Group shortcut creates a collapsible logical group without silently changing routing; explicit subgrouping changes routing.,Live Group Track combines concepts that Ardour intentionally separates.,Specified
W17,Tracks & Mixer,Arm selected tracks,Press C in Live 12 to arm selected tracks.,Ardour has per-track record enable and commands that can be rebound.,Bind C in the timeline/grid context to toggle record enable on selected recordable tracks.,https://www.ableton.com/en/live-manual/12/live-keyboard-shortcuts/,https://manual.ardour.org/default-keyboard-bindings/,Exact,Pack keymap,P0,Low,C toggles arm for selected audio/MIDI tracks and ignores buses.,C must retain text-entry behavior in naming/search fields.,Specified
W18,Tracks & Mixer,Solo selected tracks,Press S to solo selected tracks.,"Ardour has solo controls and selection-aware actions, but S is commonly used for Split in Ardour defaults.","In the Live profile, S means Solo when track headers are focused; Ctrl/Cmd+E performs Split.",https://www.ableton.com/en/live-manual/12/live-keyboard-shortcuts/,https://manual.ardour.org/default-keyboard-bindings/,Exact,Pack keymap,P0,Low,S toggles solo for selected tracks and never splits a region in the Live profile.,High-visibility collision with Ardour documentation; profile badge and shortcut help are essential.,Specified
W19,Tracks & Mixer,Deactivate a selected track or clip,"Press 0 to deactivate selected tracks, clips, notes or devices.","Ardour has mute, region mute and processor bypass, but not one uniform deactivate model.","Map 0 contextually: track mute, region mute, MIDI-note mute where available, processor bypass; document the semantic differences.",https://www.ableton.com/en/live-manual/12/live-keyboard-shortcuts/,https://manual.ardour.org/default-keyboard-bindings/,Similar,Pack keymap,P1,Medium,0 toggles the reversible inactive state appropriate to the focused object and provides visible feedback.,Do not conflate audio mute with disabling DSP load.,Specified
W20,Tracks & Mixer,Reorder and resize tracks directly,Drag track headers; use modifier+arrow for keyboard reordering; resize lanes.,"Ardour supports track ordering, height adjustment and track lists.",Keep native drag behavior; add Live-compatible keyboard reorder and consistent fold/height commands.,https://www.ableton.com/en/live-manual/12/mixing/,https://manual.ardour.org/working-with-tracks/adding-tracks-and-busses/,Exact,Pack keymap,P1,Low,Selected tracks can be reordered and resized without losing their selection or group membership.,Track-header side should not change ordering semantics.,Specified
W21,Tracks & Mixer,Route tracks and use sends without leaving the main workflow,Live exposes I/O and Sends in Session/Arrangement and uses Return Tracks.,"Ardour supports arbitrary I/O, buses, aux sends and routing grids with greater flexibility.",Provide simplified In/Out and Sends panels that reveal Ardour's routing grid through an Advanced action.,https://www.ableton.com/en/live-manual/12/mixing/,https://manual.ardour.org/ardours-interface/busses-mixer-strips/,Similar,Pack layout + onboarding,P0,Medium,"A user can route a track to Master, choose an input and send to A Reverb without opening the full routing grid.",Simplification must not hide or rewrite existing complex routes.,Specified
W22,Tracks & Mixer,Mix from Arrangement without changing to a separate mixer,"Live can show volume, pan, sends, I/O and meters beside Arrangement tracks.",Ardour's Editor can show one channel strip; full mixing is primarily in the Mixer window.,Add a compact right-side track-control column with configurable volume/pan/sends/meter visibility.,https://www.ableton.com/en/live-manual/12/arrangement-view/,https://manual.ardour.org/ardours-interface/about/,Source change,Ardour source change,P0,High,Arrangement displays useful controls for every visible track and updates the same underlying mixer state.,Major visual/topological migration blocker; should be a generic side preference.,Specified
W23,Arrangement Editing,Split a clip at the insertion point,Ctrl/Cmd+E splits the selected clip or time selection.,Ardour Split/Separate cuts selected regions at the edit point.,Bind Ctrl/Cmd+E to Split using a predictable playhead/selection edit-point policy.,https://www.ableton.com/en/live-manual/12/live-keyboard-shortcuts/,https://manual.ardour.org/ardours-interface/main-menu/Edit-menu/,Exact,Pack keymap,P0,Low,"With one selected region, the shortcut produces two non-destructive regions at the visible insertion marker.",Ardour edit-point modes can surprise Live users; profile should default to playhead/selection.,Specified
W24,Arrangement Editing,Trim a clip by dragging its edges,Drag clip boundaries with snapping; fades remain editable.,Ardour regions support non-destructive drag trimming with Snap settings.,Use native trimming and Live-like cursor/selection feedback; teach slip editing as an Ardour extension.,https://www.ableton.com/en/live-manual/12/arrangement-view/,https://manual.ardour.org/working-with-regions/,Exact,Pack theme + onboarding,P0,Low,"Dragging either edge changes only the region boundary, obeys grid state and remains undoable.",Cursor styling belongs to theme/UI polish rather than behavior.,Specified
W25,Arrangement Editing,Duplicate clips or a time selection,Ctrl/Cmd+D duplicates the focused material immediately after itself.,Ardour Duplicate and Multi-Duplicate append selected regions; range operations also exist.,Bind Ctrl/Cmd+D contextually to region or range duplication and preserve the selection on the new copy.,https://www.ableton.com/en/live-manual/12/live-keyboard-shortcuts/,https://manual.ardour.org/ardours-interface/main-menu/Region-menu/,Exact,Pack keymap,P0,Low,The shortcut duplicates selected material once to the expected next grid-aligned location.,Track duplication must use a different focus context or explicit command.,Specified
W26,Arrangement Editing,Consolidate an edited span into one clip,Ctrl/Cmd+J consolidates the time selection.,Ardour Consolidate Range joins material per track; Bounce creates new source files with optional processing.,Bind Ctrl/Cmd+J to Consolidate Range and expose Bounce with Processing as a separate command.,https://www.ableton.com/en/live-manual/12/live-keyboard-shortcuts/,https://manual.ardour.org/ardours-interface/main-menu/Edit-menu/,Exact,Pack keymap,P0,Low,A selected time span on one track becomes one region with expected silence and boundaries.,Clarify whether processing is printed; default consolidation should not print the mixer chain.,Specified
W27,Arrangement Editing,Set or toggle a loop around the selection,Ctrl/Cmd+L toggles the Arrangement loop based on the current selection.,Ardour can set Loop Range from regions/ranges and toggle loop playback.,Create one Lua action that sets the loop from selection when needed and toggles loop playback otherwise.,https://www.ableton.com/en/live-manual/12/live-keyboard-shortcuts/,https://manual.ardour.org/ardours-interface/main-menu/Region-menu/,Lua,Pack Lua,P0,Low,Shortcut creates a loop from selected time/regions and starts or disables loop mode predictably.,Define behavior when there is no selection and an existing loop range exists.,Specified
W28,Arrangement Editing,Nudge material by grid or a smaller increment,Use arrow/modifier operations to move clips and selections precisely.,Ardour provides nudge earlier/later and grid-relative movement actions.,Map Live-style modifiers to Ardour nudge actions and display the active nudge/grid amount in the status bar.,https://www.ableton.com/en/live-manual/12/live-keyboard-shortcuts/,https://manual.ardour.org/appendix/menu-actions-list/,Exact,Pack keymap,P1,Low,"Nudging moves selected regions by the displayed amount, remains undoable and preserves track placement.",Platform modifier conventions need separate profiles.,Specified
W29,Arrangement Editing,Zoom into a selection and return to the previous zoom,Press Z to zoom to selection and X to return.,"Ardour offers zoom controls and zoom-to-selection/fit operations, but history semantics differ.",Bind Z to zoom selection and add a small Lua-managed previous-zoom stack for X if no native action matches.,https://www.ableton.com/en/live-manual/12/live-keyboard-shortcuts/,https://manual.ardour.org/lua-scripting/,Lua,Pack keymap + Lua,P1,Medium,Repeated Z operations can be unwound in order with X without moving the playhead or selection.,Zoom history must be isolated per editor window.,Specified
W30,Arrangement Editing,Show and edit automation lanes,Press A for Automation Mode; choose a parameter and draw breakpoints.,Ardour exposes automation lanes for tracks and processors and supports drawing curves.,Bind A to show/hide automation for the selected track and preserve native parameter selection.,https://www.ableton.com/en/manual/automation-and-editing-envelopes/,https://manual.ardour.org/mixing/automation/controlling-a-track-with-automation/,Similar,Pack keymap + layout,P0,Medium,A toggles automation visibility and a selected parameter can be edited with breakpoints in the timeline.,Live's global mode and Ardour's lane-centric model differ; do not hide automation state.,Specified
W31,Arrangement Editing,Record parameter movements as automation,Use Automation Arm and record movements into Arrangement.,"Ardour supports Manual, Play, Write, Touch and Latch automation states.","Provide a Live-like Automation Arm macro that safely places selected controls in Touch, with explicit Write/Latch choices.",https://www.ableton.com/en/manual/automation-and-editing-envelopes/,https://manual.ardour.org/mixing/automation/automation-states/,Similar,Pack Lua + onboarding,P1,Medium,"When armed, moving an eligible parameter while rolling writes automation; stopping returns to a safe state.",Never silently put multiple lanes into destructive Write mode.,Specified
W32,Arrangement Editing,Record multiple takes and build a comp,"Show Take Lanes, audition lanes and copy selected passages to the main lane.",Ardour uses playlists and/or stacked layers for takes; comp construction is less lane-oriented.,Create a Comping workspace and Lua helpers over playlists; clearer lane presentation in an Ardour source change if testing confirms the need.,https://www.ableton.com/en/live-manual/11/comping/,https://manual.ardour.org/ardourmanual.html,Similar,Pack layout + Lua,P1,High,"A vocalist can record three takes, audition them and assemble a composite without manually creating extra tracks.",Terminology and visual feedback are substantial differences despite comparable underlying capability.,Specified
W33,Arrangement Editing,Warp audio elastically to project tempo with local timing edits,"Enable Warp, set Warp Markers and choose a mode; clips follow tempo without changing pitch.","Ardour can stretch regions and tempo-sync Cue clips, but does not provide Live-equivalent per-clip Warp Marker editing.",Present Cue tempo-sync and region stretch honestly; mark local Warp Marker editing as a non-equivalent feature gap.,https://www.ableton.com/en/live-manual/12/audio-clips-tempo-and-warping/,https://manual.ardour.org/cue/setting-up-cues/clip-stretch-options/,Different,Migration education,P0,Critical,A migration guide demonstrates supported whole-clip sync and explicitly states that arbitrary Live Warp Marker workflows do not map exactly.,Do not market full Live-style warping until it exists and passes audio-quality tests.,Specified
W34,MIDI,Create a MIDI clip/region at a chosen musical length,Double-click an empty MIDI track area or record into a clip slot.,Ardour creates and records MIDI regions and can record MIDI clips into Cue slots.,"Add one-click Create MIDI Clip actions for timeline selection and empty Cue slots, using current grid/loop length.",https://www.ableton.com/en/live-manual/12/live-concepts/,https://manual.ardour.org/working-with-midi/,Similar,Pack Lua + keymap,P0,Medium,A user creates a one-bar MIDI region on the selected track without opening a general-purpose dialog.,Default region length must be visible and changeable.,Specified
W35,MIDI,Edit notes in a focused lower editor,"Double-click a MIDI clip to open Clip View; draw, move and resize notes.","Ardour 9 provides in-place, bottom-pane and separate pianoroll editing.",Default double-click and Shift+Tab behavior to the bottom pianoroll while retaining separate-window editing as an option.,https://www.ableton.com/en/manual/clip-view/,https://manual.ardour.org/working-with-midi/pianoroll-window/,Similar,Pack preferences,P0,Low,Double-clicking a MIDI region opens it in the lower editor with notes editable and transport context preserved.,Ardour 9.7 improvements should be the target baseline.,Specified
W36,MIDI,Quantize notes with familiar shortcuts,Ctrl/Cmd+U quantizes; Ctrl/Cmd+Shift+U opens quantize settings.,Ardour has quantization in MIDI Tools/pianoroll and customizable shortcuts.,Bind the Live shortcuts to apply current quantize and focus/open MIDI Tools settings.,https://www.ableton.com/en/live-manual/12/live-keyboard-shortcuts/,https://manual.ardour.org/working-with-midi/pianoroll-window/,Exact,Pack keymap,P0,Low,Quantize applies the visible settings to selected notes and can be undone.,"If no notes are selected, document whether the region or all notes are affected.",Specified
W37,MIDI,"Edit velocity, CC and note expression","Use Clip View lanes/panels for velocity, controllers and MPE.",Ardour pianoroll automation lanes edit velocity and MIDI controllers; MPE parity is not assumed.,Map velocity and CC workflows; list unsupported expression dimensions explicitly rather than hiding them.,https://www.ableton.com/en/manual/clip-view/,https://manual.ardour.org/working-with-midi/pianoroll-window/,Similar,Pack onboarding,P1,Medium,A user can display and edit velocity plus at least one MIDI CC lane in the lower editor.,MPE and Live-specific MIDI tools require a separate capability audit.,Specified
W38,MIDI,Edit notes from multiple clips together,Live supports multi-clip MIDI editing and contextual note views.,"Ardour documentation states note data is edited in one region at a time, though reference/ghost notes have improved.",Use ghost/reference notes for context and document that cross-region note selection/editing is not equivalent.,https://www.ableton.com/en/manual/clip-view/,https://manual.ardour.org/working-with-midi/,Different,Migration education,P1,High,The guide shows reference notes and clearly identifies the boundary: edits apply to one active MIDI region.,A future multi-region editing change should be evaluated separately from the initial profile.,Specified
W39,Devices & Plugins,Search for and insert an instrument or effect,"Search Browser, select a device and press Enter or drag it to a track/device chain.","Ardour provides Plugin Selector search/tags, Favorite Plugins and drag/drop to Processor Boxes.","Unify discovery in the left browser; until an Ardour source change exists, map Ctrl/Cmd+F to Plugin Selector when a processor target is focused.",https://www.ableton.com/en/live-manual/12/live-concepts/,https://manual.ardour.org/working-with-plugins/plugin-selector/,Similar,Pack keymap + Ardour source change,P0,High,Typing a plugin name and pressing Enter inserts it on the selected track at the visible insertion point.,Search target and insertion location must be unambiguous.,Specified
W40,Devices & Plugins,Reorder or copy processors by dragging,Drag devices horizontally within or between device chains.,Ardour Processor Boxes support drag/drop reordering and copying between tracks.,Keep native behavior; present the chain horizontally in the Live workspace while preserving processor order and pre/post-fader meaning.,https://www.ableton.com/en/live-manual/12/working-with-instruments-and-effects/,https://manual.ardour.org/working-with-plugins/processor-box/,Exact,Ardour source change,P1,Medium,Dragging a processor changes order or copies it to another track and the audio signal order matches the visual order.,Horizontal presentation must still show the fader boundary and channel-count changes.,Specified
W41,Devices & Plugins,Bypass the selected processor,Press 0 or click the device activator.,Ardour processors expose enable/bypass controls and support selection.,Map 0 contextually to processor bypass and style the state consistently with track/region deactivation.,https://www.ableton.com/en/live-manual/12/live-keyboard-shortcuts/,https://manual.ardour.org/working-with-plugins/processor-box/,Exact,Pack keymap + theme,P0,Low,0 toggles selected processors without deleting them and displays a strong inactive state.,Some plugins have their own bypass; distinguish host bypass from plugin controls.,Specified
W42,Devices & Plugins,Load a preset or quickly replace a device,Use presets and Hot-Swap to audition replacements in context.,Ardour Plugin Selector/Favorites exposes presets and searchable alternatives but not the same Hot-Swap state machine.,Provide preset browsing immediately; defer true next/previous replacement audition to a unified browser source change.,https://www.ableton.com/en/live-manual/12/working-with-instruments-and-effects/,https://manual.ardour.org/ardours-interface/favorite-plugins-window/,Similar,Pack layout + Ardour source change,P2,Medium,A user can load a preset and replace a processor without disturbing unrelated chain elements.,Preset formats and plugin state vary by plugin standard.,Specified
W43,Cue / Performance,Launch and stop an individual clip,Click the clip launch triangle or press Enter; clip starts according to quantization.,Ardour trigger slots launch/stop individual audio or MIDI clips and support MIDI learn.,"Use native Cue behavior with Live-profile icons, Enter launch and 0 deactivate where contextually safe.",https://www.ableton.com/en/live-manual/12/session-view/,https://manual.ardour.org/cue/setting-up-cues/playing-back-the-cues/,Exact,Pack keymap + theme,P0,Low,A selected clip launches on the configured quantization boundary and can be stopped independently.,Selection-on-launch should be configurable to avoid changing the lower editor unexpectedly.,Specified
W44,Cue / Performance,Launch a whole scene/cue,Use the rightmost Scene Launch button to trigger one row.,Ardour cues are rows with buttons A–P that launch all non-isolated slots.,Present cues as Scenes in the alias layer and bind Enter to the selected cue button.,https://www.ableton.com/en/live-manual/12/session-view/,https://manual.ardour.org/cue/cue-window-elements/,Exact,Pack terminology + keymap,P0,Low,Launching a cue starts all intended slots together and respects slot isolation and quantization.,Docs should teach that Ardour's canonical term remains Cue.,Specified
W45,Cue / Performance,Record audio or MIDI directly into an empty clip slot,Arm Session recording and record a new clip with fixed length or until stopped.,Ardour 9 can record audio/MIDI directly into Cue trigger slots and play back after quantization.,Map the Live recording shortcut and make fixed-length recording visible near the selected slot.,https://www.ableton.com/en/live-manual/12/session-view/,https://manual.ardour.org/cue/cue-recording/,Exact,Pack keymap + layout,P0,Low,A user records a four-bar clip into an empty slot and it begins playback at the expected boundary.,Input monitoring and global record state must remain obvious.,Specified
W46,Cue / Performance,Configure launch quantization and follow actions,"Choose global/clip quantization, launch mode and follow actions such as Next, Again or random.","Ardour trigger slots support launch styles, quantization, legato, follow actions and probability.",Use native controls with terminology crosswalk and sensible one-bar defaults.,https://www.ableton.com/en/live-manual/12/session-view/,https://manual.ardour.org/cue/setting-up-cues/clip-follow-actions/,Exact,Pack defaults + onboarding,P1,Low,"A clip can launch on the next bar, repeat twice and then advance to another slot.",Avoid changing Ardour defaults globally outside the profile/session template.,Specified
W47,Cue / Performance,Capture an improvised Session performance into a linear arrangement,"Arrangement Record logs launched clips, automation, tempo and scene changes to the Arrangement.","Ardour can combine Cue playback with timeline cue markers, but does not provide equivalent performance-to-regions capture semantics.","Specify a generic Capture Cue Performance feature: log cue/slot launches to editable timeline events, then optionally render/commit regions.",https://www.ableton.com/en/live-manual/12/session-view/,https://manual.ardour.org/cue/mixing-linear-nonlinear-workflows/,Source change,Ardour source change,P0,Critical,"Recording a two-minute cue performance yields an editable, repeatable timeline representation matching what was heard.",Largest functional migration gap after per-clip Warp Markers; requires explicit data model decisions.,Specified
W48,Export,Export the master mix,Use Export Audio/Video to render the Arrangement or chosen range.,Ardour has Quick Audio Export and a detailed multi-format Export dialog.,Bind Ctrl/Cmd+Shift+R to Quick Export by default and expose Advanced Export without changing Ardour's rendering engine.,https://www.ableton.com/en/live-manual/12/live-keyboard-shortcuts/,https://manual.ardour.org/exporting/export-dialog/,Exact,Pack keymap + export preset,P0,Low,The shortcut exports the session or selected range to the chosen WAV/FLAC preset with the Master path rendered.,Profile templates must define start/end markers and Master routing.,Specified
W49,Export,Export individual tracks or buses as stems,Use Export Audio/Video with rendered track options.,Ardour has dedicated Stem Export with optional track/bus processing.,Expose Stem Export in the migration command palette and ship unprocessed/processed format presets.,https://www.ableton.com/en/live-manual/12/live-concepts/,https://manual.ardour.org/working-with-sessions/interchange-with-other-daws/stem-exports/,Exact,Pack export presets,P1,Low,Selected tracks and buses export as synchronized files with the chosen processing policy.,MIDI-only interchange requires separate MIDI export guidance.,Specified
W50,Export,Commit processing to audio or reduce DSP load,Freeze/Flatten or Bounce to Audio while retaining an editable workflow.,Ardour can bounce regions with or without processing; full track-freeze workflow and recovery semantics differ.,Provide Bounce Selection with Processing immediately; treat reversible whole-track freeze as a separate audited capability.,https://www.ableton.com/en/live-manual/12/live-keyboard-shortcuts/,https://manual.ardour.org/exporting/bouncing-regions/,Similar,Pack keymap + onboarding,P1,High,A selected MIDI/audio passage can be rendered through its processors to a new audio region while the original remains recoverable.,Do not label destructive or manual bounce steps as exact Freeze/Flatten parity.,Specified
