color-file	ardourton
flat-buttons	1
waveform-gradient-depth	0
timeline-item-gradient-depth	0.12
color-regions-using-track-color	1
use-route-color-widely	1
vertical-region-gap	2
show-editor-meter	1
show-track-meters	1
show-toolbar-recpunch	0
show-toolbar-selclock	0
show-toolbar-latency	0
show-toolbar-cuectrl	1
show-mini-timeline	0
show-secondary-clock	0
show-zoom-tools	1
show-inline-display-by-default	1
mixer-element-visibility	Input,PhaseInvert,RecMon,Output
stripable-color-palette	#E6A23C:#2FB7A8:#9B73E6:#E76F51:#4C8EDA:#70A86B:#D8C56A:#D96C9D:#6F7C8E:#4FB6B2:#D45555:#D58A45
use-palette-for-new-track	1
use-palette-for-new-bus	1
use-palette-for-new-vca	1
show-on-cue-page	1
name-new-markers	1
